Created by PLY version 3.11 (http://www.dabeaz.com/ply)

Grammar

Rule 0     S' -> program
Rule 1     program -> statements
Rule 2     statements -> statements statement
Rule 3     statements -> statement
Rule 4     statement -> NAME EQUALS expression
Rule 5     statement -> WAIT LPAREN expression RPAREN
Rule 6     statement -> WAIT_MOTION LPAREN RPAREN
Rule 7     statement -> FOR LPAREN statement COMMA expression COMMA statement RPAREN LBRACE statements RBRACE
Rule 8     statement -> SET_REG_8BIT LPAREN expression COMMA expression RPAREN
Rule 9     statement -> SET_REG_16BIT LPAREN expression COMMA expression RPAREN
Rule 10    statement -> SET_REG_32BIT LPAREN expression COMMA expression RPAREN
Rule 11    statement -> POS_RAMP LPAREN expression COMMA expression RPAREN
Rule 12    statement -> SPD_RAMP LPAREN expression COMMA expression RPAREN
Rule 13    statement -> TORQ_RAMP LPAREN expression COMMA expression RPAREN
Rule 14    statement -> expression
Rule 15    expression -> expression PLUS expression
Rule 16    expression -> expression MINUS expression
Rule 17    expression -> expression TIMES expression
Rule 18    expression -> expression DIVIDE expression
Rule 19    expression -> expression LT expression
Rule 20    expression -> expression GT expression
Rule 21    expression -> expression EQ expression
Rule 22    expression -> expression NE expression
Rule 23    expression -> expression LE expression
Rule 24    expression -> expression GE expression
Rule 25    expression -> MINUS expression
Rule 26    expression -> LPAREN expression RPAREN
Rule 27    expression -> NUMBER
Rule 28    expression -> NAME
Rule 29    expression -> GET_REG LPAREN expression COMMA expression RPAREN

Terminals, with rules where they appear

COMMA                : 7 7 8 9 10 11 12 13 29
DIVIDE               : 18
EQ                   : 21
EQUALS               : 4
FOR                  : 7
GE                   : 24
GET_REG              : 29
GT                   : 20
LBRACE               : 7
LE                   : 23
LPAREN               : 5 6 7 8 9 10 11 12 13 26 29
LT                   : 19
MINUS                : 16 25
NAME                 : 4 28
NE                   : 22
NUMBER               : 27
PLUS                 : 15
POS_RAMP             : 11
RBRACE               : 7
RPAREN               : 5 6 7 8 9 10 11 12 13 26 29
SET_REG_16BIT        : 9
SET_REG_32BIT        : 10
SET_REG_8BIT         : 8
SPD_RAMP             : 12
TIMES                : 17
TORQ_RAMP            : 13
WAIT                 : 5
WAIT_MOTION          : 6
error                : 

Nonterminals, with rules where they appear

expression           : 4 5 7 8 8 9 9 10 10 11 11 12 12 13 13 14 15 15 16 16 17 17 18 18 19 19 20 20 21 21 22 22 23 23 24 24 25 26 29 29
program              : 0
statement            : 2 3 7 7
statements           : 1 2 7

Parsing method: LALR

state 0

    (0) S' -> . program
    (1) program -> . statements
    (2) statements -> . statements statement
    (3) statements -> . statement
    (4) statement -> . NAME EQUALS expression
    (5) statement -> . WAIT LPAREN expression RPAREN
    (6) statement -> . WAIT_MOTION LPAREN RPAREN
    (7) statement -> . FOR LPAREN statement COMMA expression COMMA statement RPAREN LBRACE statements RBRACE
    (8) statement -> . SET_REG_8BIT LPAREN expression COMMA expression RPAREN
    (9) statement -> . SET_REG_16BIT LPAREN expression COMMA expression RPAREN
    (10) statement -> . SET_REG_32BIT LPAREN expression COMMA expression RPAREN
    (11) statement -> . POS_RAMP LPAREN expression COMMA expression RPAREN
    (12) statement -> . SPD_RAMP LPAREN expression COMMA expression RPAREN
    (13) statement -> . TORQ_RAMP LPAREN expression COMMA expression RPAREN
    (14) statement -> . expression
    (15) expression -> . expression PLUS expression
    (16) expression -> . expression MINUS expression
    (17) expression -> . expression TIMES expression
    (18) expression -> . expression DIVIDE expression
    (19) expression -> . expression LT expression
    (20) expression -> . expression GT expression
    (21) expression -> . expression EQ expression
    (22) expression -> . expression NE expression
    (23) expression -> . expression LE expression
    (24) expression -> . expression GE expression
    (25) expression -> . MINUS expression
    (26) expression -> . LPAREN expression RPAREN
    (27) expression -> . NUMBER
    (28) expression -> . NAME
    (29) expression -> . GET_REG LPAREN expression COMMA expression RPAREN

    NAME            shift and go to state 4
    WAIT            shift and go to state 6
    WAIT_MOTION     shift and go to state 8
    FOR             shift and go to state 9
    SET_REG_8BIT    shift and go to state 10
    SET_REG_16BIT   shift and go to state 11
    SET_REG_32BIT   shift and go to state 12
    POS_RAMP        shift and go to state 13
    SPD_RAMP        shift and go to state 14
    TORQ_RAMP       shift and go to state 15
    MINUS           shift and go to state 16
    LPAREN          shift and go to state 7
    NUMBER          shift and go to state 17
    GET_REG         shift and go to state 18

    program                        shift and go to state 1
    statements                     shift and go to state 2
    statement                      shift and go to state 3
    expression                     shift and go to state 5

state 1

    (0) S' -> program .



state 2

    (1) program -> statements .
    (2) statements -> statements . statement
    (4) statement -> . NAME EQUALS expression
    (5) statement -> . WAIT LPAREN expression RPAREN
    (6) statement -> . WAIT_MOTION LPAREN RPAREN
    (7) statement -> . FOR LPAREN statement COMMA expression COMMA statement RPAREN LBRACE statements RBRACE
    (8) statement -> . SET_REG_8BIT LPAREN expression COMMA expression RPAREN
    (9) statement -> . SET_REG_16BIT LPAREN expression COMMA expression RPAREN
    (10) statement -> . SET_REG_32BIT LPAREN expression COMMA expression RPAREN
    (11) statement -> . POS_RAMP LPAREN expression COMMA expression RPAREN
    (12) statement -> . SPD_RAMP LPAREN expression COMMA expression RPAREN
    (13) statement -> . TORQ_RAMP LPAREN expression COMMA expression RPAREN
    (14) statement -> . expression
    (15) expression -> . expression PLUS expression
    (16) expression -> . expression MINUS expression
    (17) expression -> . expression TIMES expression
    (18) expression -> . expression DIVIDE expression
    (19) expression -> . expression LT expression
    (20) expression -> . expression GT expression
    (21) expression -> . expression EQ expression
    (22) expression -> . expression NE expression
    (23) expression -> . expression LE expression
    (24) expression -> . expression GE expression
    (25) expression -> . MINUS expression
    (26) expression -> . LPAREN expression RPAREN
    (27) expression -> . NUMBER
    (28) expression -> . NAME
    (29) expression -> . GET_REG LPAREN expression COMMA expression RPAREN

    $end            reduce using rule 1 (program -> statements .)
    NAME            shift and go to state 4
    WAIT            shift and go to state 6
    WAIT_MOTION     shift and go to state 8
    FOR             shift and go to state 9
    SET_REG_8BIT    shift and go to state 10
    SET_REG_16BIT   shift and go to state 11
    SET_REG_32BIT   shift and go to state 12
    POS_RAMP        shift and go to state 13
    SPD_RAMP        shift and go to state 14
    TORQ_RAMP       shift and go to state 15
    MINUS           shift and go to state 16
    LPAREN          shift and go to state 7
    NUMBER          shift and go to state 17
    GET_REG         shift and go to state 18

    statement                      shift and go to state 19
    expression                     shift and go to state 5

state 3

    (3) statements -> statement .

    NAME            reduce using rule 3 (statements -> statement .)
    WAIT            reduce using rule 3 (statements -> statement .)
    WAIT_MOTION     reduce using rule 3 (statements -> statement .)
    FOR             reduce using rule 3 (statements -> statement .)
    SET_REG_8BIT    reduce using rule 3 (statements -> statement .)
    SET_REG_16BIT   reduce using rule 3 (statements -> statement .)
    SET_REG_32BIT   reduce using rule 3 (statements -> statement .)
    POS_RAMP        reduce using rule 3 (statements -> statement .)
    SPD_RAMP        reduce using rule 3 (statements -> statement .)
    TORQ_RAMP       reduce using rule 3 (statements -> statement .)
    MINUS           reduce using rule 3 (statements -> statement .)
    LPAREN          reduce using rule 3 (statements -> statement .)
    NUMBER          reduce using rule 3 (statements -> statement .)
    GET_REG         reduce using rule 3 (statements -> statement .)
    $end            reduce using rule 3 (statements -> statement .)
    RBRACE          reduce using rule 3 (statements -> statement .)


state 4

    (4) statement -> NAME . EQUALS expression
    (28) expression -> NAME .

    EQUALS          shift and go to state 20
    PLUS            reduce using rule 28 (expression -> NAME .)
    MINUS           reduce using rule 28 (expression -> NAME .)
    TIMES           reduce using rule 28 (expression -> NAME .)
    DIVIDE          reduce using rule 28 (expression -> NAME .)
    LT              reduce using rule 28 (expression -> NAME .)
    GT              reduce using rule 28 (expression -> NAME .)
    EQ              reduce using rule 28 (expression -> NAME .)
    NE              reduce using rule 28 (expression -> NAME .)
    LE              reduce using rule 28 (expression -> NAME .)
    GE              reduce using rule 28 (expression -> NAME .)
    NAME            reduce using rule 28 (expression -> NAME .)
    WAIT            reduce using rule 28 (expression -> NAME .)
    WAIT_MOTION     reduce using rule 28 (expression -> NAME .)
    FOR             reduce using rule 28 (expression -> NAME .)
    SET_REG_8BIT    reduce using rule 28 (expression -> NAME .)
    SET_REG_16BIT   reduce using rule 28 (expression -> NAME .)
    SET_REG_32BIT   reduce using rule 28 (expression -> NAME .)
    POS_RAMP        reduce using rule 28 (expression -> NAME .)
    SPD_RAMP        reduce using rule 28 (expression -> NAME .)
    TORQ_RAMP       reduce using rule 28 (expression -> NAME .)
    LPAREN          reduce using rule 28 (expression -> NAME .)
    NUMBER          reduce using rule 28 (expression -> NAME .)
    GET_REG         reduce using rule 28 (expression -> NAME .)
    $end            reduce using rule 28 (expression -> NAME .)
    COMMA           reduce using rule 28 (expression -> NAME .)
    RPAREN          reduce using rule 28 (expression -> NAME .)
    RBRACE          reduce using rule 28 (expression -> NAME .)


state 5

    (14) statement -> expression .
    (15) expression -> expression . PLUS expression
    (16) expression -> expression . MINUS expression
    (17) expression -> expression . TIMES expression
    (18) expression -> expression . DIVIDE expression
    (19) expression -> expression . LT expression
    (20) expression -> expression . GT expression
    (21) expression -> expression . EQ expression
    (22) expression -> expression . NE expression
    (23) expression -> expression . LE expression
    (24) expression -> expression . GE expression

  ! shift/reduce conflict for MINUS resolved as shift
    NAME            reduce using rule 14 (statement -> expression .)
    WAIT            reduce using rule 14 (statement -> expression .)
    WAIT_MOTION     reduce using rule 14 (statement -> expression .)
    FOR             reduce using rule 14 (statement -> expression .)
    SET_REG_8BIT    reduce using rule 14 (statement -> expression .)
    SET_REG_16BIT   reduce using rule 14 (statement -> expression .)
    SET_REG_32BIT   reduce using rule 14 (statement -> expression .)
    POS_RAMP        reduce using rule 14 (statement -> expression .)
    SPD_RAMP        reduce using rule 14 (statement -> expression .)
    TORQ_RAMP       reduce using rule 14 (statement -> expression .)
    LPAREN          reduce using rule 14 (statement -> expression .)
    NUMBER          reduce using rule 14 (statement -> expression .)
    GET_REG         reduce using rule 14 (statement -> expression .)
    $end            reduce using rule 14 (statement -> expression .)
    COMMA           reduce using rule 14 (statement -> expression .)
    RPAREN          reduce using rule 14 (statement -> expression .)
    RBRACE          reduce using rule 14 (statement -> expression .)
    PLUS            shift and go to state 21
    MINUS           shift and go to state 22
    TIMES           shift and go to state 23
    DIVIDE          shift and go to state 24
    LT              shift and go to state 25
    GT              shift and go to state 26
    EQ              shift and go to state 27
    NE              shift and go to state 28
    LE              shift and go to state 29
    GE              shift and go to state 30

  ! MINUS           [ reduce using rule 14 (statement -> expression .) ]


state 6

    (5) statement -> WAIT . LPAREN expression RPAREN

    LPAREN          shift and go to state 31


state 7

    (26) expression -> LPAREN . expression RPAREN
    (15) expression -> . expression PLUS expression
    (16) expression -> . expression MINUS expression
    (17) expression -> . expression TIMES expression
    (18) expression -> . expression DIVIDE expression
    (19) expression -> . expression LT expression
    (20) expression -> . expression GT expression
    (21) expression -> . expression EQ expression
    (22) expression -> . expression NE expression
    (23) expression -> . expression LE expression
    (24) expression -> . expression GE expression
    (25) expression -> . MINUS expression
    (26) expression -> . LPAREN expression RPAREN
    (27) expression -> . NUMBER
    (28) expression -> . NAME
    (29) expression -> . GET_REG LPAREN expression COMMA expression RPAREN

    MINUS           shift and go to state 16
    LPAREN          shift and go to state 7
    NUMBER          shift and go to state 17
    NAME            shift and go to state 33
    GET_REG         shift and go to state 18

    expression                     shift and go to state 32

state 8

    (6) statement -> WAIT_MOTION . LPAREN RPAREN

    LPAREN          shift and go to state 34


state 9

    (7) statement -> FOR . LPAREN statement COMMA expression COMMA statement RPAREN LBRACE statements RBRACE

    LPAREN          shift and go to state 35


state 10

    (8) statement -> SET_REG_8BIT . LPAREN expression COMMA expression RPAREN

    LPAREN          shift and go to state 36


state 11

    (9) statement -> SET_REG_16BIT . LPAREN expression COMMA expression RPAREN

    LPAREN          shift and go to state 37


state 12

    (10) statement -> SET_REG_32BIT . LPAREN expression COMMA expression RPAREN

    LPAREN          shift and go to state 38


state 13

    (11) statement -> POS_RAMP . LPAREN expression COMMA expression RPAREN

    LPAREN          shift and go to state 39


state 14

    (12) statement -> SPD_RAMP . LPAREN expression COMMA expression RPAREN

    LPAREN          shift and go to state 40


state 15

    (13) statement -> TORQ_RAMP . LPAREN expression COMMA expression RPAREN

    LPAREN          shift and go to state 41


state 16

    (25) expression -> MINUS . expression
    (15) expression -> . expression PLUS expression
    (16) expression -> . expression MINUS expression
    (17) expression -> . expression TIMES expression
    (18) expression -> . expression DIVIDE expression
    (19) expression -> . expression LT expression
    (20) expression -> . expression GT expression
    (21) expression -> . expression EQ expression
    (22) expression -> . expression NE expression
    (23) expression -> . expression LE expression
    (24) expression -> . expression GE expression
    (25) expression -> . MINUS expression
    (26) expression -> . LPAREN expression RPAREN
    (27) expression -> . NUMBER
    (28) expression -> . NAME
    (29) expression -> . GET_REG LPAREN expression COMMA expression RPAREN

    MINUS           shift and go to state 16
    LPAREN          shift and go to state 7
    NUMBER          shift and go to state 17
    NAME            shift and go to state 33
    GET_REG         shift and go to state 18

    expression                     shift and go to state 42

state 17

    (27) expression -> NUMBER .

    PLUS            reduce using rule 27 (expression -> NUMBER .)
    MINUS           reduce using rule 27 (expression -> NUMBER .)
    TIMES           reduce using rule 27 (expression -> NUMBER .)
    DIVIDE          reduce using rule 27 (expression -> NUMBER .)
    LT              reduce using rule 27 (expression -> NUMBER .)
    GT              reduce using rule 27 (expression -> NUMBER .)
    EQ              reduce using rule 27 (expression -> NUMBER .)
    NE              reduce using rule 27 (expression -> NUMBER .)
    LE              reduce using rule 27 (expression -> NUMBER .)
    GE              reduce using rule 27 (expression -> NUMBER .)
    NAME            reduce using rule 27 (expression -> NUMBER .)
    WAIT            reduce using rule 27 (expression -> NUMBER .)
    WAIT_MOTION     reduce using rule 27 (expression -> NUMBER .)
    FOR             reduce using rule 27 (expression -> NUMBER .)
    SET_REG_8BIT    reduce using rule 27 (expression -> NUMBER .)
    SET_REG_16BIT   reduce using rule 27 (expression -> NUMBER .)
    SET_REG_32BIT   reduce using rule 27 (expression -> NUMBER .)
    POS_RAMP        reduce using rule 27 (expression -> NUMBER .)
    SPD_RAMP        reduce using rule 27 (expression -> NUMBER .)
    TORQ_RAMP       reduce using rule 27 (expression -> NUMBER .)
    LPAREN          reduce using rule 27 (expression -> NUMBER .)
    NUMBER          reduce using rule 27 (expression -> NUMBER .)
    GET_REG         reduce using rule 27 (expression -> NUMBER .)
    $end            reduce using rule 27 (expression -> NUMBER .)
    RPAREN          reduce using rule 27 (expression -> NUMBER .)
    COMMA           reduce using rule 27 (expression -> NUMBER .)
    RBRACE          reduce using rule 27 (expression -> NUMBER .)


state 18

    (29) expression -> GET_REG . LPAREN expression COMMA expression RPAREN

    LPAREN          shift and go to state 43


state 19

    (2) statements -> statements statement .

    NAME            reduce using rule 2 (statements -> statements statement .)
    WAIT            reduce using rule 2 (statements -> statements statement .)
    WAIT_MOTION     reduce using rule 2 (statements -> statements statement .)
    FOR             reduce using rule 2 (statements -> statements statement .)
    SET_REG_8BIT    reduce using rule 2 (statements -> statements statement .)
    SET_REG_16BIT   reduce using rule 2 (statements -> statements statement .)
    SET_REG_32BIT   reduce using rule 2 (statements -> statements statement .)
    POS_RAMP        reduce using rule 2 (statements -> statements statement .)
    SPD_RAMP        reduce using rule 2 (statements -> statements statement .)
    TORQ_RAMP       reduce using rule 2 (statements -> statements statement .)
    MINUS           reduce using rule 2 (statements -> statements statement .)
    LPAREN          reduce using rule 2 (statements -> statements statement .)
    NUMBER          reduce using rule 2 (statements -> statements statement .)
    GET_REG         reduce using rule 2 (statements -> statements statement .)
    $end            reduce using rule 2 (statements -> statements statement .)
    RBRACE          reduce using rule 2 (statements -> statements statement .)


state 20

    (4) statement -> NAME EQUALS . expression
    (15) expression -> . expression PLUS expression
    (16) expression -> . expression MINUS expression
    (17) expression -> . expression TIMES expression
    (18) expression -> . expression DIVIDE expression
    (19) expression -> . expression LT expression
    (20) expression -> . expression GT expression
    (21) expression -> . expression EQ expression
    (22) expression -> . expression NE expression
    (23) expression -> . expression LE expression
    (24) expression -> . expression GE expression
    (25) expression -> . MINUS expression
    (26) expression -> . LPAREN expression RPAREN
    (27) expression -> . NUMBER
    (28) expression -> . NAME
    (29) expression -> . GET_REG LPAREN expression COMMA expression RPAREN

    MINUS           shift and go to state 16
    LPAREN          shift and go to state 7
    NUMBER          shift and go to state 17
    NAME            shift and go to state 33
    GET_REG         shift and go to state 18

    expression                     shift and go to state 44

state 21

    (15) expression -> expression PLUS . expression
    (15) expression -> . expression PLUS expression
    (16) expression -> . expression MINUS expression
    (17) expression -> . expression TIMES expression
    (18) expression -> . expression DIVIDE expression
    (19) expression -> . expression LT expression
    (20) expression -> . expression GT expression
    (21) expression -> . expression EQ expression
    (22) expression -> . expression NE expression
    (23) expression -> . expression LE expression
    (24) expression -> . expression GE expression
    (25) expression -> . MINUS expression
    (26) expression -> . LPAREN expression RPAREN
    (27) expression -> . NUMBER
    (28) expression -> . NAME
    (29) expression -> . GET_REG LPAREN expression COMMA expression RPAREN

    MINUS           shift and go to state 16
    LPAREN          shift and go to state 7
    NUMBER          shift and go to state 17
    NAME            shift and go to state 33
    GET_REG         shift and go to state 18

    expression                     shift and go to state 45

state 22

    (16) expression -> expression MINUS . expression
    (15) expression -> . expression PLUS expression
    (16) expression -> . expression MINUS expression
    (17) expression -> . expression TIMES expression
    (18) expression -> . expression DIVIDE expression
    (19) expression -> . expression LT expression
    (20) expression -> . expression GT expression
    (21) expression -> . expression EQ expression
    (22) expression -> . expression NE expression
    (23) expression -> . expression LE expression
    (24) expression -> . expression GE expression
    (25) expression -> . MINUS expression
    (26) expression -> . LPAREN expression RPAREN
    (27) expression -> . NUMBER
    (28) expression -> . NAME
    (29) expression -> . GET_REG LPAREN expression COMMA expression RPAREN

    MINUS           shift and go to state 16
    LPAREN          shift and go to state 7
    NUMBER          shift and go to state 17
    NAME            shift and go to state 33
    GET_REG         shift and go to state 18

    expression                     shift and go to state 46

state 23

    (17) expression -> expression TIMES . expression
    (15) expression -> . expression PLUS expression
    (16) expression -> . expression MINUS expression
    (17) expression -> . expression TIMES expression
    (18) expression -> . expression DIVIDE expression
    (19) expression -> . expression LT expression
    (20) expression -> . expression GT expression
    (21) expression -> . expression EQ expression
    (22) expression -> . expression NE expression
    (23) expression -> . expression LE expression
    (24) expression -> . expression GE expression
    (25) expression -> . MINUS expression
    (26) expression -> . LPAREN expression RPAREN
    (27) expression -> . NUMBER
    (28) expression -> . NAME
    (29) expression -> . GET_REG LPAREN expression COMMA expression RPAREN

    MINUS           shift and go to state 16
    LPAREN          shift and go to state 7
    NUMBER          shift and go to state 17
    NAME            shift and go to state 33
    GET_REG         shift and go to state 18

    expression                     shift and go to state 47

state 24

    (18) expression -> expression DIVIDE . expression
    (15) expression -> . expression PLUS expression
    (16) expression -> . expression MINUS expression
    (17) expression -> . expression TIMES expression
    (18) expression -> . expression DIVIDE expression
    (19) expression -> . expression LT expression
    (20) expression -> . expression GT expression
    (21) expression -> . expression EQ expression
    (22) expression -> . expression NE expression
    (23) expression -> . expression LE expression
    (24) expression -> . expression GE expression
    (25) expression -> . MINUS expression
    (26) expression -> . LPAREN expression RPAREN
    (27) expression -> . NUMBER
    (28) expression -> . NAME
    (29) expression -> . GET_REG LPAREN expression COMMA expression RPAREN

    MINUS           shift and go to state 16
    LPAREN          shift and go to state 7
    NUMBER          shift and go to state 17
    NAME            shift and go to state 33
    GET_REG         shift and go to state 18

    expression                     shift and go to state 48

state 25

    (19) expression -> expression LT . expression
    (15) expression -> . expression PLUS expression
    (16) expression -> . expression MINUS expression
    (17) expression -> . expression TIMES expression
    (18) expression -> . expression DIVIDE expression
    (19) expression -> . expression LT expression
    (20) expression -> . expression GT expression
    (21) expression -> . expression EQ expression
    (22) expression -> . expression NE expression
    (23) expression -> . expression LE expression
    (24) expression -> . expression GE expression
    (25) expression -> . MINUS expression
    (26) expression -> . LPAREN expression RPAREN
    (27) expression -> . NUMBER
    (28) expression -> . NAME
    (29) expression -> . GET_REG LPAREN expression COMMA expression RPAREN

    MINUS           shift and go to state 16
    LPAREN          shift and go to state 7
    NUMBER          shift and go to state 17
    NAME            shift and go to state 33
    GET_REG         shift and go to state 18

    expression                     shift and go to state 49

state 26

    (20) expression -> expression GT . expression
    (15) expression -> . expression PLUS expression
    (16) expression -> . expression MINUS expression
    (17) expression -> . expression TIMES expression
    (18) expression -> . expression DIVIDE expression
    (19) expression -> . expression LT expression
    (20) expression -> . expression GT expression
    (21) expression -> . expression EQ expression
    (22) expression -> . expression NE expression
    (23) expression -> . expression LE expression
    (24) expression -> . expression GE expression
    (25) expression -> . MINUS expression
    (26) expression -> . LPAREN expression RPAREN
    (27) expression -> . NUMBER
    (28) expression -> . NAME
    (29) expression -> . GET_REG LPAREN expression COMMA expression RPAREN

    MINUS           shift and go to state 16
    LPAREN          shift and go to state 7
    NUMBER          shift and go to state 17
    NAME            shift and go to state 33
    GET_REG         shift and go to state 18

    expression                     shift and go to state 50

state 27

    (21) expression -> expression EQ . expression
    (15) expression -> . expression PLUS expression
    (16) expression -> . expression MINUS expression
    (17) expression -> . expression TIMES expression
    (18) expression -> . expression DIVIDE expression
    (19) expression -> . expression LT expression
    (20) expression -> . expression GT expression
    (21) expression -> . expression EQ expression
    (22) expression -> . expression NE expression
    (23) expression -> . expression LE expression
    (24) expression -> . expression GE expression
    (25) expression -> . MINUS expression
    (26) expression -> . LPAREN expression RPAREN
    (27) expression -> . NUMBER
    (28) expression -> . NAME
    (29) expression -> . GET_REG LPAREN expression COMMA expression RPAREN

    MINUS           shift and go to state 16
    LPAREN          shift and go to state 7
    NUMBER          shift and go to state 17
    NAME            shift and go to state 33
    GET_REG         shift and go to state 18

    expression                     shift and go to state 51

state 28

    (22) expression -> expression NE . expression
    (15) expression -> . expression PLUS expression
    (16) expression -> . expression MINUS expression
    (17) expression -> . expression TIMES expression
    (18) expression -> . expression DIVIDE expression
    (19) expression -> . expression LT expression
    (20) expression -> . expression GT expression
    (21) expression -> . expression EQ expression
    (22) expression -> . expression NE expression
    (23) expression -> . expression LE expression
    (24) expression -> . expression GE expression
    (25) expression -> . MINUS expression
    (26) expression -> . LPAREN expression RPAREN
    (27) expression -> . NUMBER
    (28) expression -> . NAME
    (29) expression -> . GET_REG LPAREN expression COMMA expression RPAREN

    MINUS           shift and go to state 16
    LPAREN          shift and go to state 7
    NUMBER          shift and go to state 17
    NAME            shift and go to state 33
    GET_REG         shift and go to state 18

    expression                     shift and go to state 52

state 29

    (23) expression -> expression LE . expression
    (15) expression -> . expression PLUS expression
    (16) expression -> . expression MINUS expression
    (17) expression -> . expression TIMES expression
    (18) expression -> . expression DIVIDE expression
    (19) expression -> . expression LT expression
    (20) expression -> . expression GT expression
    (21) expression -> . expression EQ expression
    (22) expression -> . expression NE expression
    (23) expression -> . expression LE expression
    (24) expression -> . expression GE expression
    (25) expression -> . MINUS expression
    (26) expression -> . LPAREN expression RPAREN
    (27) expression -> . NUMBER
    (28) expression -> . NAME
    (29) expression -> . GET_REG LPAREN expression COMMA expression RPAREN

    MINUS           shift and go to state 16
    LPAREN          shift and go to state 7
    NUMBER          shift and go to state 17
    NAME            shift and go to state 33
    GET_REG         shift and go to state 18

    expression                     shift and go to state 53

state 30

    (24) expression -> expression GE . expression
    (15) expression -> . expression PLUS expression
    (16) expression -> . expression MINUS expression
    (17) expression -> . expression TIMES expression
    (18) expression -> . expression DIVIDE expression
    (19) expression -> . expression LT expression
    (20) expression -> . expression GT expression
    (21) expression -> . expression EQ expression
    (22) expression -> . expression NE expression
    (23) expression -> . expression LE expression
    (24) expression -> . expression GE expression
    (25) expression -> . MINUS expression
    (26) expression -> . LPAREN expression RPAREN
    (27) expression -> . NUMBER
    (28) expression -> . NAME
    (29) expression -> . GET_REG LPAREN expression COMMA expression RPAREN

    MINUS           shift and go to state 16
    LPAREN          shift and go to state 7
    NUMBER          shift and go to state 17
    NAME            shift and go to state 33
    GET_REG         shift and go to state 18

    expression                     shift and go to state 54

state 31

    (5) statement -> WAIT LPAREN . expression RPAREN
    (15) expression -> . expression PLUS expression
    (16) expression -> . expression MINUS expression
    (17) expression -> . expression TIMES expression
    (18) expression -> . expression DIVIDE expression
    (19) expression -> . expression LT expression
    (20) expression -> . expression GT expression
    (21) expression -> . expression EQ expression
    (22) expression -> . expression NE expression
    (23) expression -> . expression LE expression
    (24) expression -> . expression GE expression
    (25) expression -> . MINUS expression
    (26) expression -> . LPAREN expression RPAREN
    (27) expression -> . NUMBER
    (28) expression -> . NAME
    (29) expression -> . GET_REG LPAREN expression COMMA expression RPAREN

    MINUS           shift and go to state 16
    LPAREN          shift and go to state 7
    NUMBER          shift and go to state 17
    NAME            shift and go to state 33
    GET_REG         shift and go to state 18

    expression                     shift and go to state 55

state 32

    (26) expression -> LPAREN expression . RPAREN
    (15) expression -> expression . PLUS expression
    (16) expression -> expression . MINUS expression
    (17) expression -> expression . TIMES expression
    (18) expression -> expression . DIVIDE expression
    (19) expression -> expression . LT expression
    (20) expression -> expression . GT expression
    (21) expression -> expression . EQ expression
    (22) expression -> expression . NE expression
    (23) expression -> expression . LE expression
    (24) expression -> expression . GE expression

    RPAREN          shift and go to state 56
    PLUS            shift and go to state 21
    MINUS           shift and go to state 22
    TIMES           shift and go to state 23
    DIVIDE          shift and go to state 24
    LT              shift and go to state 25
    GT              shift and go to state 26
    EQ              shift and go to state 27
    NE              shift and go to state 28
    LE              shift and go to state 29
    GE              shift and go to state 30


state 33

    (28) expression -> NAME .

    RPAREN          reduce using rule 28 (expression -> NAME .)
    PLUS            reduce using rule 28 (expression -> NAME .)
    MINUS           reduce using rule 28 (expression -> NAME .)
    TIMES           reduce using rule 28 (expression -> NAME .)
    DIVIDE          reduce using rule 28 (expression -> NAME .)
    LT              reduce using rule 28 (expression -> NAME .)
    GT              reduce using rule 28 (expression -> NAME .)
    EQ              reduce using rule 28 (expression -> NAME .)
    NE              reduce using rule 28 (expression -> NAME .)
    LE              reduce using rule 28 (expression -> NAME .)
    GE              reduce using rule 28 (expression -> NAME .)
    NAME            reduce using rule 28 (expression -> NAME .)
    WAIT            reduce using rule 28 (expression -> NAME .)
    WAIT_MOTION     reduce using rule 28 (expression -> NAME .)
    FOR             reduce using rule 28 (expression -> NAME .)
    SET_REG_8BIT    reduce using rule 28 (expression -> NAME .)
    SET_REG_16BIT   reduce using rule 28 (expression -> NAME .)
    SET_REG_32BIT   reduce using rule 28 (expression -> NAME .)
    POS_RAMP        reduce using rule 28 (expression -> NAME .)
    SPD_RAMP        reduce using rule 28 (expression -> NAME .)
    TORQ_RAMP       reduce using rule 28 (expression -> NAME .)
    LPAREN          reduce using rule 28 (expression -> NAME .)
    NUMBER          reduce using rule 28 (expression -> NAME .)
    GET_REG         reduce using rule 28 (expression -> NAME .)
    $end            reduce using rule 28 (expression -> NAME .)
    COMMA           reduce using rule 28 (expression -> NAME .)
    RBRACE          reduce using rule 28 (expression -> NAME .)


state 34

    (6) statement -> WAIT_MOTION LPAREN . RPAREN

    RPAREN          shift and go to state 57


state 35

    (7) statement -> FOR LPAREN . statement COMMA expression COMMA statement RPAREN LBRACE statements RBRACE
    (4) statement -> . NAME EQUALS expression
    (5) statement -> . WAIT LPAREN expression RPAREN
    (6) statement -> . WAIT_MOTION LPAREN RPAREN
    (7) statement -> . FOR LPAREN statement COMMA expression COMMA statement RPAREN LBRACE statements RBRACE
    (8) statement -> . SET_REG_8BIT LPAREN expression COMMA expression RPAREN
    (9) statement -> . SET_REG_16BIT LPAREN expression COMMA expression RPAREN
    (10) statement -> . SET_REG_32BIT LPAREN expression COMMA expression RPAREN
    (11) statement -> . POS_RAMP LPAREN expression COMMA expression RPAREN
    (12) statement -> . SPD_RAMP LPAREN expression COMMA expression RPAREN
    (13) statement -> . TORQ_RAMP LPAREN expression COMMA expression RPAREN
    (14) statement -> . expression
    (15) expression -> . expression PLUS expression
    (16) expression -> . expression MINUS expression
    (17) expression -> . expression TIMES expression
    (18) expression -> . expression DIVIDE expression
    (19) expression -> . expression LT expression
    (20) expression -> . expression GT expression
    (21) expression -> . expression EQ expression
    (22) expression -> . expression NE expression
    (23) expression -> . expression LE expression
    (24) expression -> . expression GE expression
    (25) expression -> . MINUS expression
    (26) expression -> . LPAREN expression RPAREN
    (27) expression -> . NUMBER
    (28) expression -> . NAME
    (29) expression -> . GET_REG LPAREN expression COMMA expression RPAREN

    NAME            shift and go to state 4
    WAIT            shift and go to state 6
    WAIT_MOTION     shift and go to state 8
    FOR             shift and go to state 9
    SET_REG_8BIT    shift and go to state 10
    SET_REG_16BIT   shift and go to state 11
    SET_REG_32BIT   shift and go to state 12
    POS_RAMP        shift and go to state 13
    SPD_RAMP        shift and go to state 14
    TORQ_RAMP       shift and go to state 15
    MINUS           shift and go to state 16
    LPAREN          shift and go to state 7
    NUMBER          shift and go to state 17
    GET_REG         shift and go to state 18

    statement                      shift and go to state 58
    expression                     shift and go to state 5

state 36

    (8) statement -> SET_REG_8BIT LPAREN . expression COMMA expression RPAREN
    (15) expression -> . expression PLUS expression
    (16) expression -> . expression MINUS expression
    (17) expression -> . expression TIMES expression
    (18) expression -> . expression DIVIDE expression
    (19) expression -> . expression LT expression
    (20) expression -> . expression GT expression
    (21) expression -> . expression EQ expression
    (22) expression -> . expression NE expression
    (23) expression -> . expression LE expression
    (24) expression -> . expression GE expression
    (25) expression -> . MINUS expression
    (26) expression -> . LPAREN expression RPAREN
    (27) expression -> . NUMBER
    (28) expression -> . NAME
    (29) expression -> . GET_REG LPAREN expression COMMA expression RPAREN

    MINUS           shift and go to state 16
    LPAREN          shift and go to state 7
    NUMBER          shift and go to state 17
    NAME            shift and go to state 33
    GET_REG         shift and go to state 18

    expression                     shift and go to state 59

state 37

    (9) statement -> SET_REG_16BIT LPAREN . expression COMMA expression RPAREN
    (15) expression -> . expression PLUS expression
    (16) expression -> . expression MINUS expression
    (17) expression -> . expression TIMES expression
    (18) expression -> . expression DIVIDE expression
    (19) expression -> . expression LT expression
    (20) expression -> . expression GT expression
    (21) expression -> . expression EQ expression
    (22) expression -> . expression NE expression
    (23) expression -> . expression LE expression
    (24) expression -> . expression GE expression
    (25) expression -> . MINUS expression
    (26) expression -> . LPAREN expression RPAREN
    (27) expression -> . NUMBER
    (28) expression -> . NAME
    (29) expression -> . GET_REG LPAREN expression COMMA expression RPAREN

    MINUS           shift and go to state 16
    LPAREN          shift and go to state 7
    NUMBER          shift and go to state 17
    NAME            shift and go to state 33
    GET_REG         shift and go to state 18

    expression                     shift and go to state 60

state 38

    (10) statement -> SET_REG_32BIT LPAREN . expression COMMA expression RPAREN
    (15) expression -> . expression PLUS expression
    (16) expression -> . expression MINUS expression
    (17) expression -> . expression TIMES expression
    (18) expression -> . expression DIVIDE expression
    (19) expression -> . expression LT expression
    (20) expression -> . expression GT expression
    (21) expression -> . expression EQ expression
    (22) expression -> . expression NE expression
    (23) expression -> . expression LE expression
    (24) expression -> . expression GE expression
    (25) expression -> . MINUS expression
    (26) expression -> . LPAREN expression RPAREN
    (27) expression -> . NUMBER
    (28) expression -> . NAME
    (29) expression -> . GET_REG LPAREN expression COMMA expression RPAREN

    MINUS           shift and go to state 16
    LPAREN          shift and go to state 7
    NUMBER          shift and go to state 17
    NAME            shift and go to state 33
    GET_REG         shift and go to state 18

    expression                     shift and go to state 61

state 39

    (11) statement -> POS_RAMP LPAREN . expression COMMA expression RPAREN
    (15) expression -> . expression PLUS expression
    (16) expression -> . expression MINUS expression
    (17) expression -> . expression TIMES expression
    (18) expression -> . expression DIVIDE expression
    (19) expression -> . expression LT expression
    (20) expression -> . expression GT expression
    (21) expression -> . expression EQ expression
    (22) expression -> . expression NE expression
    (23) expression -> . expression LE expression
    (24) expression -> . expression GE expression
    (25) expression -> . MINUS expression
    (26) expression -> . LPAREN expression RPAREN
    (27) expression -> . NUMBER
    (28) expression -> . NAME
    (29) expression -> . GET_REG LPAREN expression COMMA expression RPAREN

    MINUS           shift and go to state 16
    LPAREN          shift and go to state 7
    NUMBER          shift and go to state 17
    NAME            shift and go to state 33
    GET_REG         shift and go to state 18

    expression                     shift and go to state 62

state 40

    (12) statement -> SPD_RAMP LPAREN . expression COMMA expression RPAREN
    (15) expression -> . expression PLUS expression
    (16) expression -> . expression MINUS expression
    (17) expression -> . expression TIMES expression
    (18) expression -> . expression DIVIDE expression
    (19) expression -> . expression LT expression
    (20) expression -> . expression GT expression
    (21) expression -> . expression EQ expression
    (22) expression -> . expression NE expression
    (23) expression -> . expression LE expression
    (24) expression -> . expression GE expression
    (25) expression -> . MINUS expression
    (26) expression -> . LPAREN expression RPAREN
    (27) expression -> . NUMBER
    (28) expression -> . NAME
    (29) expression -> . GET_REG LPAREN expression COMMA expression RPAREN

    MINUS           shift and go to state 16
    LPAREN          shift and go to state 7
    NUMBER          shift and go to state 17
    NAME            shift and go to state 33
    GET_REG         shift and go to state 18

    expression                     shift and go to state 63

state 41

    (13) statement -> TORQ_RAMP LPAREN . expression COMMA expression RPAREN
    (15) expression -> . expression PLUS expression
    (16) expression -> . expression MINUS expression
    (17) expression -> . expression TIMES expression
    (18) expression -> . expression DIVIDE expression
    (19) expression -> . expression LT expression
    (20) expression -> . expression GT expression
    (21) expression -> . expression EQ expression
    (22) expression -> . expression NE expression
    (23) expression -> . expression LE expression
    (24) expression -> . expression GE expression
    (25) expression -> . MINUS expression
    (26) expression -> . LPAREN expression RPAREN
    (27) expression -> . NUMBER
    (28) expression -> . NAME
    (29) expression -> . GET_REG LPAREN expression COMMA expression RPAREN

    MINUS           shift and go to state 16
    LPAREN          shift and go to state 7
    NUMBER          shift and go to state 17
    NAME            shift and go to state 33
    GET_REG         shift and go to state 18

    expression                     shift and go to state 64

state 42

    (25) expression -> MINUS expression .
    (15) expression -> expression . PLUS expression
    (16) expression -> expression . MINUS expression
    (17) expression -> expression . TIMES expression
    (18) expression -> expression . DIVIDE expression
    (19) expression -> expression . LT expression
    (20) expression -> expression . GT expression
    (21) expression -> expression . EQ expression
    (22) expression -> expression . NE expression
    (23) expression -> expression . LE expression
    (24) expression -> expression . GE expression

    PLUS            reduce using rule 25 (expression -> MINUS expression .)
    MINUS           reduce using rule 25 (expression -> MINUS expression .)
    TIMES           reduce using rule 25 (expression -> MINUS expression .)
    DIVIDE          reduce using rule 25 (expression -> MINUS expression .)
    LT              reduce using rule 25 (expression -> MINUS expression .)
    GT              reduce using rule 25 (expression -> MINUS expression .)
    EQ              reduce using rule 25 (expression -> MINUS expression .)
    NE              reduce using rule 25 (expression -> MINUS expression .)
    LE              reduce using rule 25 (expression -> MINUS expression .)
    GE              reduce using rule 25 (expression -> MINUS expression .)
    NAME            reduce using rule 25 (expression -> MINUS expression .)
    WAIT            reduce using rule 25 (expression -> MINUS expression .)
    WAIT_MOTION     reduce using rule 25 (expression -> MINUS expression .)
    FOR             reduce using rule 25 (expression -> MINUS expression .)
    SET_REG_8BIT    reduce using rule 25 (expression -> MINUS expression .)
    SET_REG_16BIT   reduce using rule 25 (expression -> MINUS expression .)
    SET_REG_32BIT   reduce using rule 25 (expression -> MINUS expression .)
    POS_RAMP        reduce using rule 25 (expression -> MINUS expression .)
    SPD_RAMP        reduce using rule 25 (expression -> MINUS expression .)
    TORQ_RAMP       reduce using rule 25 (expression -> MINUS expression .)
    LPAREN          reduce using rule 25 (expression -> MINUS expression .)
    NUMBER          reduce using rule 25 (expression -> MINUS expression .)
    GET_REG         reduce using rule 25 (expression -> MINUS expression .)
    $end            reduce using rule 25 (expression -> MINUS expression .)
    RPAREN          reduce using rule 25 (expression -> MINUS expression .)
    COMMA           reduce using rule 25 (expression -> MINUS expression .)
    RBRACE          reduce using rule 25 (expression -> MINUS expression .)

  ! PLUS            [ shift and go to state 21 ]
  ! MINUS           [ shift and go to state 22 ]
  ! TIMES           [ shift and go to state 23 ]
  ! DIVIDE          [ shift and go to state 24 ]
  ! LT              [ shift and go to state 25 ]
  ! GT              [ shift and go to state 26 ]
  ! EQ              [ shift and go to state 27 ]
  ! NE              [ shift and go to state 28 ]
  ! LE              [ shift and go to state 29 ]
  ! GE              [ shift and go to state 30 ]


state 43

    (29) expression -> GET_REG LPAREN . expression COMMA expression RPAREN
    (15) expression -> . expression PLUS expression
    (16) expression -> . expression MINUS expression
    (17) expression -> . expression TIMES expression
    (18) expression -> . expression DIVIDE expression
    (19) expression -> . expression LT expression
    (20) expression -> . expression GT expression
    (21) expression -> . expression EQ expression
    (22) expression -> . expression NE expression
    (23) expression -> . expression LE expression
    (24) expression -> . expression GE expression
    (25) expression -> . MINUS expression
    (26) expression -> . LPAREN expression RPAREN
    (27) expression -> . NUMBER
    (28) expression -> . NAME
    (29) expression -> . GET_REG LPAREN expression COMMA expression RPAREN

    MINUS           shift and go to state 16
    LPAREN          shift and go to state 7
    NUMBER          shift and go to state 17
    NAME            shift and go to state 33
    GET_REG         shift and go to state 18

    expression                     shift and go to state 65

state 44

    (4) statement -> NAME EQUALS expression .
    (15) expression -> expression . PLUS expression
    (16) expression -> expression . MINUS expression
    (17) expression -> expression . TIMES expression
    (18) expression -> expression . DIVIDE expression
    (19) expression -> expression . LT expression
    (20) expression -> expression . GT expression
    (21) expression -> expression . EQ expression
    (22) expression -> expression . NE expression
    (23) expression -> expression . LE expression
    (24) expression -> expression . GE expression

  ! shift/reduce conflict for MINUS resolved as shift
    NAME            reduce using rule 4 (statement -> NAME EQUALS expression .)
    WAIT            reduce using rule 4 (statement -> NAME EQUALS expression .)
    WAIT_MOTION     reduce using rule 4 (statement -> NAME EQUALS expression .)
    FOR             reduce using rule 4 (statement -> NAME EQUALS expression .)
    SET_REG_8BIT    reduce using rule 4 (statement -> NAME EQUALS expression .)
    SET_REG_16BIT   reduce using rule 4 (statement -> NAME EQUALS expression .)
    SET_REG_32BIT   reduce using rule 4 (statement -> NAME EQUALS expression .)
    POS_RAMP        reduce using rule 4 (statement -> NAME EQUALS expression .)
    SPD_RAMP        reduce using rule 4 (statement -> NAME EQUALS expression .)
    TORQ_RAMP       reduce using rule 4 (statement -> NAME EQUALS expression .)
    LPAREN          reduce using rule 4 (statement -> NAME EQUALS expression .)
    NUMBER          reduce using rule 4 (statement -> NAME EQUALS expression .)
    GET_REG         reduce using rule 4 (statement -> NAME EQUALS expression .)
    $end            reduce using rule 4 (statement -> NAME EQUALS expression .)
    COMMA           reduce using rule 4 (statement -> NAME EQUALS expression .)
    RPAREN          reduce using rule 4 (statement -> NAME EQUALS expression .)
    RBRACE          reduce using rule 4 (statement -> NAME EQUALS expression .)
    PLUS            shift and go to state 21
    MINUS           shift and go to state 22
    TIMES           shift and go to state 23
    DIVIDE          shift and go to state 24
    LT              shift and go to state 25
    GT              shift and go to state 26
    EQ              shift and go to state 27
    NE              shift and go to state 28
    LE              shift and go to state 29
    GE              shift and go to state 30

  ! MINUS           [ reduce using rule 4 (statement -> NAME EQUALS expression .) ]


state 45

    (15) expression -> expression PLUS expression .
    (15) expression -> expression . PLUS expression
    (16) expression -> expression . MINUS expression
    (17) expression -> expression . TIMES expression
    (18) expression -> expression . DIVIDE expression
    (19) expression -> expression . LT expression
    (20) expression -> expression . GT expression
    (21) expression -> expression . EQ expression
    (22) expression -> expression . NE expression
    (23) expression -> expression . LE expression
    (24) expression -> expression . GE expression

    PLUS            reduce using rule 15 (expression -> expression PLUS expression .)
    MINUS           reduce using rule 15 (expression -> expression PLUS expression .)
    LT              reduce using rule 15 (expression -> expression PLUS expression .)
    GT              reduce using rule 15 (expression -> expression PLUS expression .)
    EQ              reduce using rule 15 (expression -> expression PLUS expression .)
    NE              reduce using rule 15 (expression -> expression PLUS expression .)
    LE              reduce using rule 15 (expression -> expression PLUS expression .)
    GE              reduce using rule 15 (expression -> expression PLUS expression .)
    NAME            reduce using rule 15 (expression -> expression PLUS expression .)
    WAIT            reduce using rule 15 (expression -> expression PLUS expression .)
    WAIT_MOTION     reduce using rule 15 (expression -> expression PLUS expression .)
    FOR             reduce using rule 15 (expression -> expression PLUS expression .)
    SET_REG_8BIT    reduce using rule 15 (expression -> expression PLUS expression .)
    SET_REG_16BIT   reduce using rule 15 (expression -> expression PLUS expression .)
    SET_REG_32BIT   reduce using rule 15 (expression -> expression PLUS expression .)
    POS_RAMP        reduce using rule 15 (expression -> expression PLUS expression .)
    SPD_RAMP        reduce using rule 15 (expression -> expression PLUS expression .)
    TORQ_RAMP       reduce using rule 15 (expression -> expression PLUS expression .)
    LPAREN          reduce using rule 15 (expression -> expression PLUS expression .)
    NUMBER          reduce using rule 15 (expression -> expression PLUS expression .)
    GET_REG         reduce using rule 15 (expression -> expression PLUS expression .)
    $end            reduce using rule 15 (expression -> expression PLUS expression .)
    RPAREN          reduce using rule 15 (expression -> expression PLUS expression .)
    COMMA           reduce using rule 15 (expression -> expression PLUS expression .)
    RBRACE          reduce using rule 15 (expression -> expression PLUS expression .)
    TIMES           shift and go to state 23
    DIVIDE          shift and go to state 24

  ! TIMES           [ reduce using rule 15 (expression -> expression PLUS expression .) ]
  ! DIVIDE          [ reduce using rule 15 (expression -> expression PLUS expression .) ]
  ! PLUS            [ shift and go to state 21 ]
  ! MINUS           [ shift and go to state 22 ]
  ! LT              [ shift and go to state 25 ]
  ! GT              [ shift and go to state 26 ]
  ! EQ              [ shift and go to state 27 ]
  ! NE              [ shift and go to state 28 ]
  ! LE              [ shift and go to state 29 ]
  ! GE              [ shift and go to state 30 ]


state 46

    (16) expression -> expression MINUS expression .
    (15) expression -> expression . PLUS expression
    (16) expression -> expression . MINUS expression
    (17) expression -> expression . TIMES expression
    (18) expression -> expression . DIVIDE expression
    (19) expression -> expression . LT expression
    (20) expression -> expression . GT expression
    (21) expression -> expression . EQ expression
    (22) expression -> expression . NE expression
    (23) expression -> expression . LE expression
    (24) expression -> expression . GE expression

    PLUS            reduce using rule 16 (expression -> expression MINUS expression .)
    MINUS           reduce using rule 16 (expression -> expression MINUS expression .)
    LT              reduce using rule 16 (expression -> expression MINUS expression .)
    GT              reduce using rule 16 (expression -> expression MINUS expression .)
    EQ              reduce using rule 16 (expression -> expression MINUS expression .)
    NE              reduce using rule 16 (expression -> expression MINUS expression .)
    LE              reduce using rule 16 (expression -> expression MINUS expression .)
    GE              reduce using rule 16 (expression -> expression MINUS expression .)
    NAME            reduce using rule 16 (expression -> expression MINUS expression .)
    WAIT            reduce using rule 16 (expression -> expression MINUS expression .)
    WAIT_MOTION     reduce using rule 16 (expression -> expression MINUS expression .)
    FOR             reduce using rule 16 (expression -> expression MINUS expression .)
    SET_REG_8BIT    reduce using rule 16 (expression -> expression MINUS expression .)
    SET_REG_16BIT   reduce using rule 16 (expression -> expression MINUS expression .)
    SET_REG_32BIT   reduce using rule 16 (expression -> expression MINUS expression .)
    POS_RAMP        reduce using rule 16 (expression -> expression MINUS expression .)
    SPD_RAMP        reduce using rule 16 (expression -> expression MINUS expression .)
    TORQ_RAMP       reduce using rule 16 (expression -> expression MINUS expression .)
    LPAREN          reduce using rule 16 (expression -> expression MINUS expression .)
    NUMBER          reduce using rule 16 (expression -> expression MINUS expression .)
    GET_REG         reduce using rule 16 (expression -> expression MINUS expression .)
    $end            reduce using rule 16 (expression -> expression MINUS expression .)
    RPAREN          reduce using rule 16 (expression -> expression MINUS expression .)
    COMMA           reduce using rule 16 (expression -> expression MINUS expression .)
    RBRACE          reduce using rule 16 (expression -> expression MINUS expression .)
    TIMES           shift and go to state 23
    DIVIDE          shift and go to state 24

  ! TIMES           [ reduce using rule 16 (expression -> expression MINUS expression .) ]
  ! DIVIDE          [ reduce using rule 16 (expression -> expression MINUS expression .) ]
  ! PLUS            [ shift and go to state 21 ]
  ! MINUS           [ shift and go to state 22 ]
  ! LT              [ shift and go to state 25 ]
  ! GT              [ shift and go to state 26 ]
  ! EQ              [ shift and go to state 27 ]
  ! NE              [ shift and go to state 28 ]
  ! LE              [ shift and go to state 29 ]
  ! GE              [ shift and go to state 30 ]


state 47

    (17) expression -> expression TIMES expression .
    (15) expression -> expression . PLUS expression
    (16) expression -> expression . MINUS expression
    (17) expression -> expression . TIMES expression
    (18) expression -> expression . DIVIDE expression
    (19) expression -> expression . LT expression
    (20) expression -> expression . GT expression
    (21) expression -> expression . EQ expression
    (22) expression -> expression . NE expression
    (23) expression -> expression . LE expression
    (24) expression -> expression . GE expression

    PLUS            reduce using rule 17 (expression -> expression TIMES expression .)
    MINUS           reduce using rule 17 (expression -> expression TIMES expression .)
    TIMES           reduce using rule 17 (expression -> expression TIMES expression .)
    DIVIDE          reduce using rule 17 (expression -> expression TIMES expression .)
    LT              reduce using rule 17 (expression -> expression TIMES expression .)
    GT              reduce using rule 17 (expression -> expression TIMES expression .)
    EQ              reduce using rule 17 (expression -> expression TIMES expression .)
    NE              reduce using rule 17 (expression -> expression TIMES expression .)
    LE              reduce using rule 17 (expression -> expression TIMES expression .)
    GE              reduce using rule 17 (expression -> expression TIMES expression .)
    NAME            reduce using rule 17 (expression -> expression TIMES expression .)
    WAIT            reduce using rule 17 (expression -> expression TIMES expression .)
    WAIT_MOTION     reduce using rule 17 (expression -> expression TIMES expression .)
    FOR             reduce using rule 17 (expression -> expression TIMES expression .)
    SET_REG_8BIT    reduce using rule 17 (expression -> expression TIMES expression .)
    SET_REG_16BIT   reduce using rule 17 (expression -> expression TIMES expression .)
    SET_REG_32BIT   reduce using rule 17 (expression -> expression TIMES expression .)
    POS_RAMP        reduce using rule 17 (expression -> expression TIMES expression .)
    SPD_RAMP        reduce using rule 17 (expression -> expression TIMES expression .)
    TORQ_RAMP       reduce using rule 17 (expression -> expression TIMES expression .)
    LPAREN          reduce using rule 17 (expression -> expression TIMES expression .)
    NUMBER          reduce using rule 17 (expression -> expression TIMES expression .)
    GET_REG         reduce using rule 17 (expression -> expression TIMES expression .)
    $end            reduce using rule 17 (expression -> expression TIMES expression .)
    RPAREN          reduce using rule 17 (expression -> expression TIMES expression .)
    COMMA           reduce using rule 17 (expression -> expression TIMES expression .)
    RBRACE          reduce using rule 17 (expression -> expression TIMES expression .)

  ! PLUS            [ shift and go to state 21 ]
  ! MINUS           [ shift and go to state 22 ]
  ! TIMES           [ shift and go to state 23 ]
  ! DIVIDE          [ shift and go to state 24 ]
  ! LT              [ shift and go to state 25 ]
  ! GT              [ shift and go to state 26 ]
  ! EQ              [ shift and go to state 27 ]
  ! NE              [ shift and go to state 28 ]
  ! LE              [ shift and go to state 29 ]
  ! GE              [ shift and go to state 30 ]


state 48

    (18) expression -> expression DIVIDE expression .
    (15) expression -> expression . PLUS expression
    (16) expression -> expression . MINUS expression
    (17) expression -> expression . TIMES expression
    (18) expression -> expression . DIVIDE expression
    (19) expression -> expression . LT expression
    (20) expression -> expression . GT expression
    (21) expression -> expression . EQ expression
    (22) expression -> expression . NE expression
    (23) expression -> expression . LE expression
    (24) expression -> expression . GE expression

    PLUS            reduce using rule 18 (expression -> expression DIVIDE expression .)
    MINUS           reduce using rule 18 (expression -> expression DIVIDE expression .)
    TIMES           reduce using rule 18 (expression -> expression DIVIDE expression .)
    DIVIDE          reduce using rule 18 (expression -> expression DIVIDE expression .)
    LT              reduce using rule 18 (expression -> expression DIVIDE expression .)
    GT              reduce using rule 18 (expression -> expression DIVIDE expression .)
    EQ              reduce using rule 18 (expression -> expression DIVIDE expression .)
    NE              reduce using rule 18 (expression -> expression DIVIDE expression .)
    LE              reduce using rule 18 (expression -> expression DIVIDE expression .)
    GE              reduce using rule 18 (expression -> expression DIVIDE expression .)
    NAME            reduce using rule 18 (expression -> expression DIVIDE expression .)
    WAIT            reduce using rule 18 (expression -> expression DIVIDE expression .)
    WAIT_MOTION     reduce using rule 18 (expression -> expression DIVIDE expression .)
    FOR             reduce using rule 18 (expression -> expression DIVIDE expression .)
    SET_REG_8BIT    reduce using rule 18 (expression -> expression DIVIDE expression .)
    SET_REG_16BIT   reduce using rule 18 (expression -> expression DIVIDE expression .)
    SET_REG_32BIT   reduce using rule 18 (expression -> expression DIVIDE expression .)
    POS_RAMP        reduce using rule 18 (expression -> expression DIVIDE expression .)
    SPD_RAMP        reduce using rule 18 (expression -> expression DIVIDE expression .)
    TORQ_RAMP       reduce using rule 18 (expression -> expression DIVIDE expression .)
    LPAREN          reduce using rule 18 (expression -> expression DIVIDE expression .)
    NUMBER          reduce using rule 18 (expression -> expression DIVIDE expression .)
    GET_REG         reduce using rule 18 (expression -> expression DIVIDE expression .)
    $end            reduce using rule 18 (expression -> expression DIVIDE expression .)
    RPAREN          reduce using rule 18 (expression -> expression DIVIDE expression .)
    COMMA           reduce using rule 18 (expression -> expression DIVIDE expression .)
    RBRACE          reduce using rule 18 (expression -> expression DIVIDE expression .)

  ! PLUS            [ shift and go to state 21 ]
  ! MINUS           [ shift and go to state 22 ]
  ! TIMES           [ shift and go to state 23 ]
  ! DIVIDE          [ shift and go to state 24 ]
  ! LT              [ shift and go to state 25 ]
  ! GT              [ shift and go to state 26 ]
  ! EQ              [ shift and go to state 27 ]
  ! NE              [ shift and go to state 28 ]
  ! LE              [ shift and go to state 29 ]
  ! GE              [ shift and go to state 30 ]


state 49

    (19) expression -> expression LT expression .
    (15) expression -> expression . PLUS expression
    (16) expression -> expression . MINUS expression
    (17) expression -> expression . TIMES expression
    (18) expression -> expression . DIVIDE expression
    (19) expression -> expression . LT expression
    (20) expression -> expression . GT expression
    (21) expression -> expression . EQ expression
    (22) expression -> expression . NE expression
    (23) expression -> expression . LE expression
    (24) expression -> expression . GE expression

    LT              reduce using rule 19 (expression -> expression LT expression .)
    GT              reduce using rule 19 (expression -> expression LT expression .)
    EQ              reduce using rule 19 (expression -> expression LT expression .)
    NE              reduce using rule 19 (expression -> expression LT expression .)
    LE              reduce using rule 19 (expression -> expression LT expression .)
    GE              reduce using rule 19 (expression -> expression LT expression .)
    NAME            reduce using rule 19 (expression -> expression LT expression .)
    WAIT            reduce using rule 19 (expression -> expression LT expression .)
    WAIT_MOTION     reduce using rule 19 (expression -> expression LT expression .)
    FOR             reduce using rule 19 (expression -> expression LT expression .)
    SET_REG_8BIT    reduce using rule 19 (expression -> expression LT expression .)
    SET_REG_16BIT   reduce using rule 19 (expression -> expression LT expression .)
    SET_REG_32BIT   reduce using rule 19 (expression -> expression LT expression .)
    POS_RAMP        reduce using rule 19 (expression -> expression LT expression .)
    SPD_RAMP        reduce using rule 19 (expression -> expression LT expression .)
    TORQ_RAMP       reduce using rule 19 (expression -> expression LT expression .)
    LPAREN          reduce using rule 19 (expression -> expression LT expression .)
    NUMBER          reduce using rule 19 (expression -> expression LT expression .)
    GET_REG         reduce using rule 19 (expression -> expression LT expression .)
    $end            reduce using rule 19 (expression -> expression LT expression .)
    RPAREN          reduce using rule 19 (expression -> expression LT expression .)
    COMMA           reduce using rule 19 (expression -> expression LT expression .)
    RBRACE          reduce using rule 19 (expression -> expression LT expression .)
    PLUS            shift and go to state 21
    MINUS           shift and go to state 22
    TIMES           shift and go to state 23
    DIVIDE          shift and go to state 24

  ! PLUS            [ reduce using rule 19 (expression -> expression LT expression .) ]
  ! MINUS           [ reduce using rule 19 (expression -> expression LT expression .) ]
  ! TIMES           [ reduce using rule 19 (expression -> expression LT expression .) ]
  ! DIVIDE          [ reduce using rule 19 (expression -> expression LT expression .) ]
  ! LT              [ shift and go to state 25 ]
  ! GT              [ shift and go to state 26 ]
  ! EQ              [ shift and go to state 27 ]
  ! NE              [ shift and go to state 28 ]
  ! LE              [ shift and go to state 29 ]
  ! GE              [ shift and go to state 30 ]


state 50

    (20) expression -> expression GT expression .
    (15) expression -> expression . PLUS expression
    (16) expression -> expression . MINUS expression
    (17) expression -> expression . TIMES expression
    (18) expression -> expression . DIVIDE expression
    (19) expression -> expression . LT expression
    (20) expression -> expression . GT expression
    (21) expression -> expression . EQ expression
    (22) expression -> expression . NE expression
    (23) expression -> expression . LE expression
    (24) expression -> expression . GE expression

    LT              reduce using rule 20 (expression -> expression GT expression .)
    GT              reduce using rule 20 (expression -> expression GT expression .)
    EQ              reduce using rule 20 (expression -> expression GT expression .)
    NE              reduce using rule 20 (expression -> expression GT expression .)
    LE              reduce using rule 20 (expression -> expression GT expression .)
    GE              reduce using rule 20 (expression -> expression GT expression .)
    NAME            reduce using rule 20 (expression -> expression GT expression .)
    WAIT            reduce using rule 20 (expression -> expression GT expression .)
    WAIT_MOTION     reduce using rule 20 (expression -> expression GT expression .)
    FOR             reduce using rule 20 (expression -> expression GT expression .)
    SET_REG_8BIT    reduce using rule 20 (expression -> expression GT expression .)
    SET_REG_16BIT   reduce using rule 20 (expression -> expression GT expression .)
    SET_REG_32BIT   reduce using rule 20 (expression -> expression GT expression .)
    POS_RAMP        reduce using rule 20 (expression -> expression GT expression .)
    SPD_RAMP        reduce using rule 20 (expression -> expression GT expression .)
    TORQ_RAMP       reduce using rule 20 (expression -> expression GT expression .)
    LPAREN          reduce using rule 20 (expression -> expression GT expression .)
    NUMBER          reduce using rule 20 (expression -> expression GT expression .)
    GET_REG         reduce using rule 20 (expression -> expression GT expression .)
    $end            reduce using rule 20 (expression -> expression GT expression .)
    RPAREN          reduce using rule 20 (expression -> expression GT expression .)
    COMMA           reduce using rule 20 (expression -> expression GT expression .)
    RBRACE          reduce using rule 20 (expression -> expression GT expression .)
    PLUS            shift and go to state 21
    MINUS           shift and go to state 22
    TIMES           shift and go to state 23
    DIVIDE          shift and go to state 24

  ! PLUS            [ reduce using rule 20 (expression -> expression GT expression .) ]
  ! MINUS           [ reduce using rule 20 (expression -> expression GT expression .) ]
  ! TIMES           [ reduce using rule 20 (expression -> expression GT expression .) ]
  ! DIVIDE          [ reduce using rule 20 (expression -> expression GT expression .) ]
  ! LT              [ shift and go to state 25 ]
  ! GT              [ shift and go to state 26 ]
  ! EQ              [ shift and go to state 27 ]
  ! NE              [ shift and go to state 28 ]
  ! LE              [ shift and go to state 29 ]
  ! GE              [ shift and go to state 30 ]


state 51

    (21) expression -> expression EQ expression .
    (15) expression -> expression . PLUS expression
    (16) expression -> expression . MINUS expression
    (17) expression -> expression . TIMES expression
    (18) expression -> expression . DIVIDE expression
    (19) expression -> expression . LT expression
    (20) expression -> expression . GT expression
    (21) expression -> expression . EQ expression
    (22) expression -> expression . NE expression
    (23) expression -> expression . LE expression
    (24) expression -> expression . GE expression

    LT              reduce using rule 21 (expression -> expression EQ expression .)
    GT              reduce using rule 21 (expression -> expression EQ expression .)
    EQ              reduce using rule 21 (expression -> expression EQ expression .)
    NE              reduce using rule 21 (expression -> expression EQ expression .)
    LE              reduce using rule 21 (expression -> expression EQ expression .)
    GE              reduce using rule 21 (expression -> expression EQ expression .)
    NAME            reduce using rule 21 (expression -> expression EQ expression .)
    WAIT            reduce using rule 21 (expression -> expression EQ expression .)
    WAIT_MOTION     reduce using rule 21 (expression -> expression EQ expression .)
    FOR             reduce using rule 21 (expression -> expression EQ expression .)
    SET_REG_8BIT    reduce using rule 21 (expression -> expression EQ expression .)
    SET_REG_16BIT   reduce using rule 21 (expression -> expression EQ expression .)
    SET_REG_32BIT   reduce using rule 21 (expression -> expression EQ expression .)
    POS_RAMP        reduce using rule 21 (expression -> expression EQ expression .)
    SPD_RAMP        reduce using rule 21 (expression -> expression EQ expression .)
    TORQ_RAMP       reduce using rule 21 (expression -> expression EQ expression .)
    LPAREN          reduce using rule 21 (expression -> expression EQ expression .)
    NUMBER          reduce using rule 21 (expression -> expression EQ expression .)
    GET_REG         reduce using rule 21 (expression -> expression EQ expression .)
    $end            reduce using rule 21 (expression -> expression EQ expression .)
    RPAREN          reduce using rule 21 (expression -> expression EQ expression .)
    COMMA           reduce using rule 21 (expression -> expression EQ expression .)
    RBRACE          reduce using rule 21 (expression -> expression EQ expression .)
    PLUS            shift and go to state 21
    MINUS           shift and go to state 22
    TIMES           shift and go to state 23
    DIVIDE          shift and go to state 24

  ! PLUS            [ reduce using rule 21 (expression -> expression EQ expression .) ]
  ! MINUS           [ reduce using rule 21 (expression -> expression EQ expression .) ]
  ! TIMES           [ reduce using rule 21 (expression -> expression EQ expression .) ]
  ! DIVIDE          [ reduce using rule 21 (expression -> expression EQ expression .) ]
  ! LT              [ shift and go to state 25 ]
  ! GT              [ shift and go to state 26 ]
  ! EQ              [ shift and go to state 27 ]
  ! NE              [ shift and go to state 28 ]
  ! LE              [ shift and go to state 29 ]
  ! GE              [ shift and go to state 30 ]


state 52

    (22) expression -> expression NE expression .
    (15) expression -> expression . PLUS expression
    (16) expression -> expression . MINUS expression
    (17) expression -> expression . TIMES expression
    (18) expression -> expression . DIVIDE expression
    (19) expression -> expression . LT expression
    (20) expression -> expression . GT expression
    (21) expression -> expression . EQ expression
    (22) expression -> expression . NE expression
    (23) expression -> expression . LE expression
    (24) expression -> expression . GE expression

    LT              reduce using rule 22 (expression -> expression NE expression .)
    GT              reduce using rule 22 (expression -> expression NE expression .)
    EQ              reduce using rule 22 (expression -> expression NE expression .)
    NE              reduce using rule 22 (expression -> expression NE expression .)
    LE              reduce using rule 22 (expression -> expression NE expression .)
    GE              reduce using rule 22 (expression -> expression NE expression .)
    NAME            reduce using rule 22 (expression -> expression NE expression .)
    WAIT            reduce using rule 22 (expression -> expression NE expression .)
    WAIT_MOTION     reduce using rule 22 (expression -> expression NE expression .)
    FOR             reduce using rule 22 (expression -> expression NE expression .)
    SET_REG_8BIT    reduce using rule 22 (expression -> expression NE expression .)
    SET_REG_16BIT   reduce using rule 22 (expression -> expression NE expression .)
    SET_REG_32BIT   reduce using rule 22 (expression -> expression NE expression .)
    POS_RAMP        reduce using rule 22 (expression -> expression NE expression .)
    SPD_RAMP        reduce using rule 22 (expression -> expression NE expression .)
    TORQ_RAMP       reduce using rule 22 (expression -> expression NE expression .)
    LPAREN          reduce using rule 22 (expression -> expression NE expression .)
    NUMBER          reduce using rule 22 (expression -> expression NE expression .)
    GET_REG         reduce using rule 22 (expression -> expression NE expression .)
    $end            reduce using rule 22 (expression -> expression NE expression .)
    RPAREN          reduce using rule 22 (expression -> expression NE expression .)
    COMMA           reduce using rule 22 (expression -> expression NE expression .)
    RBRACE          reduce using rule 22 (expression -> expression NE expression .)
    PLUS            shift and go to state 21
    MINUS           shift and go to state 22
    TIMES           shift and go to state 23
    DIVIDE          shift and go to state 24

  ! PLUS            [ reduce using rule 22 (expression -> expression NE expression .) ]
  ! MINUS           [ reduce using rule 22 (expression -> expression NE expression .) ]
  ! TIMES           [ reduce using rule 22 (expression -> expression NE expression .) ]
  ! DIVIDE          [ reduce using rule 22 (expression -> expression NE expression .) ]
  ! LT              [ shift and go to state 25 ]
  ! GT              [ shift and go to state 26 ]
  ! EQ              [ shift and go to state 27 ]
  ! NE              [ shift and go to state 28 ]
  ! LE              [ shift and go to state 29 ]
  ! GE              [ shift and go to state 30 ]


state 53

    (23) expression -> expression LE expression .
    (15) expression -> expression . PLUS expression
    (16) expression -> expression . MINUS expression
    (17) expression -> expression . TIMES expression
    (18) expression -> expression . DIVIDE expression
    (19) expression -> expression . LT expression
    (20) expression -> expression . GT expression
    (21) expression -> expression . EQ expression
    (22) expression -> expression . NE expression
    (23) expression -> expression . LE expression
    (24) expression -> expression . GE expression

    LT              reduce using rule 23 (expression -> expression LE expression .)
    GT              reduce using rule 23 (expression -> expression LE expression .)
    EQ              reduce using rule 23 (expression -> expression LE expression .)
    NE              reduce using rule 23 (expression -> expression LE expression .)
    LE              reduce using rule 23 (expression -> expression LE expression .)
    GE              reduce using rule 23 (expression -> expression LE expression .)
    NAME            reduce using rule 23 (expression -> expression LE expression .)
    WAIT            reduce using rule 23 (expression -> expression LE expression .)
    WAIT_MOTION     reduce using rule 23 (expression -> expression LE expression .)
    FOR             reduce using rule 23 (expression -> expression LE expression .)
    SET_REG_8BIT    reduce using rule 23 (expression -> expression LE expression .)
    SET_REG_16BIT   reduce using rule 23 (expression -> expression LE expression .)
    SET_REG_32BIT   reduce using rule 23 (expression -> expression LE expression .)
    POS_RAMP        reduce using rule 23 (expression -> expression LE expression .)
    SPD_RAMP        reduce using rule 23 (expression -> expression LE expression .)
    TORQ_RAMP       reduce using rule 23 (expression -> expression LE expression .)
    LPAREN          reduce using rule 23 (expression -> expression LE expression .)
    NUMBER          reduce using rule 23 (expression -> expression LE expression .)
    GET_REG         reduce using rule 23 (expression -> expression LE expression .)
    $end            reduce using rule 23 (expression -> expression LE expression .)
    RPAREN          reduce using rule 23 (expression -> expression LE expression .)
    COMMA           reduce using rule 23 (expression -> expression LE expression .)
    RBRACE          reduce using rule 23 (expression -> expression LE expression .)
    PLUS            shift and go to state 21
    MINUS           shift and go to state 22
    TIMES           shift and go to state 23
    DIVIDE          shift and go to state 24

  ! PLUS            [ reduce using rule 23 (expression -> expression LE expression .) ]
  ! MINUS           [ reduce using rule 23 (expression -> expression LE expression .) ]
  ! TIMES           [ reduce using rule 23 (expression -> expression LE expression .) ]
  ! DIVIDE          [ reduce using rule 23 (expression -> expression LE expression .) ]
  ! LT              [ shift and go to state 25 ]
  ! GT              [ shift and go to state 26 ]
  ! EQ              [ shift and go to state 27 ]
  ! NE              [ shift and go to state 28 ]
  ! LE              [ shift and go to state 29 ]
  ! GE              [ shift and go to state 30 ]


state 54

    (24) expression -> expression GE expression .
    (15) expression -> expression . PLUS expression
    (16) expression -> expression . MINUS expression
    (17) expression -> expression . TIMES expression
    (18) expression -> expression . DIVIDE expression
    (19) expression -> expression . LT expression
    (20) expression -> expression . GT expression
    (21) expression -> expression . EQ expression
    (22) expression -> expression . NE expression
    (23) expression -> expression . LE expression
    (24) expression -> expression . GE expression

    LT              reduce using rule 24 (expression -> expression GE expression .)
    GT              reduce using rule 24 (expression -> expression GE expression .)
    EQ              reduce using rule 24 (expression -> expression GE expression .)
    NE              reduce using rule 24 (expression -> expression GE expression .)
    LE              reduce using rule 24 (expression -> expression GE expression .)
    GE              reduce using rule 24 (expression -> expression GE expression .)
    NAME            reduce using rule 24 (expression -> expression GE expression .)
    WAIT            reduce using rule 24 (expression -> expression GE expression .)
    WAIT_MOTION     reduce using rule 24 (expression -> expression GE expression .)
    FOR             reduce using rule 24 (expression -> expression GE expression .)
    SET_REG_8BIT    reduce using rule 24 (expression -> expression GE expression .)
    SET_REG_16BIT   reduce using rule 24 (expression -> expression GE expression .)
    SET_REG_32BIT   reduce using rule 24 (expression -> expression GE expression .)
    POS_RAMP        reduce using rule 24 (expression -> expression GE expression .)
    SPD_RAMP        reduce using rule 24 (expression -> expression GE expression .)
    TORQ_RAMP       reduce using rule 24 (expression -> expression GE expression .)
    LPAREN          reduce using rule 24 (expression -> expression GE expression .)
    NUMBER          reduce using rule 24 (expression -> expression GE expression .)
    GET_REG         reduce using rule 24 (expression -> expression GE expression .)
    $end            reduce using rule 24 (expression -> expression GE expression .)
    RPAREN          reduce using rule 24 (expression -> expression GE expression .)
    COMMA           reduce using rule 24 (expression -> expression GE expression .)
    RBRACE          reduce using rule 24 (expression -> expression GE expression .)
    PLUS            shift and go to state 21
    MINUS           shift and go to state 22
    TIMES           shift and go to state 23
    DIVIDE          shift and go to state 24

  ! PLUS            [ reduce using rule 24 (expression -> expression GE expression .) ]
  ! MINUS           [ reduce using rule 24 (expression -> expression GE expression .) ]
  ! TIMES           [ reduce using rule 24 (expression -> expression GE expression .) ]
  ! DIVIDE          [ reduce using rule 24 (expression -> expression GE expression .) ]
  ! LT              [ shift and go to state 25 ]
  ! GT              [ shift and go to state 26 ]
  ! EQ              [ shift and go to state 27 ]
  ! NE              [ shift and go to state 28 ]
  ! LE              [ shift and go to state 29 ]
  ! GE              [ shift and go to state 30 ]


state 55

    (5) statement -> WAIT LPAREN expression . RPAREN
    (15) expression -> expression . PLUS expression
    (16) expression -> expression . MINUS expression
    (17) expression -> expression . TIMES expression
    (18) expression -> expression . DIVIDE expression
    (19) expression -> expression . LT expression
    (20) expression -> expression . GT expression
    (21) expression -> expression . EQ expression
    (22) expression -> expression . NE expression
    (23) expression -> expression . LE expression
    (24) expression -> expression . GE expression

    RPAREN          shift and go to state 66
    PLUS            shift and go to state 21
    MINUS           shift and go to state 22
    TIMES           shift and go to state 23
    DIVIDE          shift and go to state 24
    LT              shift and go to state 25
    GT              shift and go to state 26
    EQ              shift and go to state 27
    NE              shift and go to state 28
    LE              shift and go to state 29
    GE              shift and go to state 30


state 56

    (26) expression -> LPAREN expression RPAREN .

    PLUS            reduce using rule 26 (expression -> LPAREN expression RPAREN .)
    MINUS           reduce using rule 26 (expression -> LPAREN expression RPAREN .)
    TIMES           reduce using rule 26 (expression -> LPAREN expression RPAREN .)
    DIVIDE          reduce using rule 26 (expression -> LPAREN expression RPAREN .)
    LT              reduce using rule 26 (expression -> LPAREN expression RPAREN .)
    GT              reduce using rule 26 (expression -> LPAREN expression RPAREN .)
    EQ              reduce using rule 26 (expression -> LPAREN expression RPAREN .)
    NE              reduce using rule 26 (expression -> LPAREN expression RPAREN .)
    LE              reduce using rule 26 (expression -> LPAREN expression RPAREN .)
    GE              reduce using rule 26 (expression -> LPAREN expression RPAREN .)
    NAME            reduce using rule 26 (expression -> LPAREN expression RPAREN .)
    WAIT            reduce using rule 26 (expression -> LPAREN expression RPAREN .)
    WAIT_MOTION     reduce using rule 26 (expression -> LPAREN expression RPAREN .)
    FOR             reduce using rule 26 (expression -> LPAREN expression RPAREN .)
    SET_REG_8BIT    reduce using rule 26 (expression -> LPAREN expression RPAREN .)
    SET_REG_16BIT   reduce using rule 26 (expression -> LPAREN expression RPAREN .)
    SET_REG_32BIT   reduce using rule 26 (expression -> LPAREN expression RPAREN .)
    POS_RAMP        reduce using rule 26 (expression -> LPAREN expression RPAREN .)
    SPD_RAMP        reduce using rule 26 (expression -> LPAREN expression RPAREN .)
    TORQ_RAMP       reduce using rule 26 (expression -> LPAREN expression RPAREN .)
    LPAREN          reduce using rule 26 (expression -> LPAREN expression RPAREN .)
    NUMBER          reduce using rule 26 (expression -> LPAREN expression RPAREN .)
    GET_REG         reduce using rule 26 (expression -> LPAREN expression RPAREN .)
    $end            reduce using rule 26 (expression -> LPAREN expression RPAREN .)
    RPAREN          reduce using rule 26 (expression -> LPAREN expression RPAREN .)
    COMMA           reduce using rule 26 (expression -> LPAREN expression RPAREN .)
    RBRACE          reduce using rule 26 (expression -> LPAREN expression RPAREN .)


state 57

    (6) statement -> WAIT_MOTION LPAREN RPAREN .

    NAME            reduce using rule 6 (statement -> WAIT_MOTION LPAREN RPAREN .)
    WAIT            reduce using rule 6 (statement -> WAIT_MOTION LPAREN RPAREN .)
    WAIT_MOTION     reduce using rule 6 (statement -> WAIT_MOTION LPAREN RPAREN .)
    FOR             reduce using rule 6 (statement -> WAIT_MOTION LPAREN RPAREN .)
    SET_REG_8BIT    reduce using rule 6 (statement -> WAIT_MOTION LPAREN RPAREN .)
    SET_REG_16BIT   reduce using rule 6 (statement -> WAIT_MOTION LPAREN RPAREN .)
    SET_REG_32BIT   reduce using rule 6 (statement -> WAIT_MOTION LPAREN RPAREN .)
    POS_RAMP        reduce using rule 6 (statement -> WAIT_MOTION LPAREN RPAREN .)
    SPD_RAMP        reduce using rule 6 (statement -> WAIT_MOTION LPAREN RPAREN .)
    TORQ_RAMP       reduce using rule 6 (statement -> WAIT_MOTION LPAREN RPAREN .)
    MINUS           reduce using rule 6 (statement -> WAIT_MOTION LPAREN RPAREN .)
    LPAREN          reduce using rule 6 (statement -> WAIT_MOTION LPAREN RPAREN .)
    NUMBER          reduce using rule 6 (statement -> WAIT_MOTION LPAREN RPAREN .)
    GET_REG         reduce using rule 6 (statement -> WAIT_MOTION LPAREN RPAREN .)
    $end            reduce using rule 6 (statement -> WAIT_MOTION LPAREN RPAREN .)
    COMMA           reduce using rule 6 (statement -> WAIT_MOTION LPAREN RPAREN .)
    RPAREN          reduce using rule 6 (statement -> WAIT_MOTION LPAREN RPAREN .)
    RBRACE          reduce using rule 6 (statement -> WAIT_MOTION LPAREN RPAREN .)


state 58

    (7) statement -> FOR LPAREN statement . COMMA expression COMMA statement RPAREN LBRACE statements RBRACE

    COMMA           shift and go to state 67


state 59

    (8) statement -> SET_REG_8BIT LPAREN expression . COMMA expression RPAREN
    (15) expression -> expression . PLUS expression
    (16) expression -> expression . MINUS expression
    (17) expression -> expression . TIMES expression
    (18) expression -> expression . DIVIDE expression
    (19) expression -> expression . LT expression
    (20) expression -> expression . GT expression
    (21) expression -> expression . EQ expression
    (22) expression -> expression . NE expression
    (23) expression -> expression . LE expression
    (24) expression -> expression . GE expression

    COMMA           shift and go to state 68
    PLUS            shift and go to state 21
    MINUS           shift and go to state 22
    TIMES           shift and go to state 23
    DIVIDE          shift and go to state 24
    LT              shift and go to state 25
    GT              shift and go to state 26
    EQ              shift and go to state 27
    NE              shift and go to state 28
    LE              shift and go to state 29
    GE              shift and go to state 30


state 60

    (9) statement -> SET_REG_16BIT LPAREN expression . COMMA expression RPAREN
    (15) expression -> expression . PLUS expression
    (16) expression -> expression . MINUS expression
    (17) expression -> expression . TIMES expression
    (18) expression -> expression . DIVIDE expression
    (19) expression -> expression . LT expression
    (20) expression -> expression . GT expression
    (21) expression -> expression . EQ expression
    (22) expression -> expression . NE expression
    (23) expression -> expression . LE expression
    (24) expression -> expression . GE expression

    COMMA           shift and go to state 69
    PLUS            shift and go to state 21
    MINUS           shift and go to state 22
    TIMES           shift and go to state 23
    DIVIDE          shift and go to state 24
    LT              shift and go to state 25
    GT              shift and go to state 26
    EQ              shift and go to state 27
    NE              shift and go to state 28
    LE              shift and go to state 29
    GE              shift and go to state 30


state 61

    (10) statement -> SET_REG_32BIT LPAREN expression . COMMA expression RPAREN
    (15) expression -> expression . PLUS expression
    (16) expression -> expression . MINUS expression
    (17) expression -> expression . TIMES expression
    (18) expression -> expression . DIVIDE expression
    (19) expression -> expression . LT expression
    (20) expression -> expression . GT expression
    (21) expression -> expression . EQ expression
    (22) expression -> expression . NE expression
    (23) expression -> expression . LE expression
    (24) expression -> expression . GE expression

    COMMA           shift and go to state 70
    PLUS            shift and go to state 21
    MINUS           shift and go to state 22
    TIMES           shift and go to state 23
    DIVIDE          shift and go to state 24
    LT              shift and go to state 25
    GT              shift and go to state 26
    EQ              shift and go to state 27
    NE              shift and go to state 28
    LE              shift and go to state 29
    GE              shift and go to state 30


state 62

    (11) statement -> POS_RAMP LPAREN expression . COMMA expression RPAREN
    (15) expression -> expression . PLUS expression
    (16) expression -> expression . MINUS expression
    (17) expression -> expression . TIMES expression
    (18) expression -> expression . DIVIDE expression
    (19) expression -> expression . LT expression
    (20) expression -> expression . GT expression
    (21) expression -> expression . EQ expression
    (22) expression -> expression . NE expression
    (23) expression -> expression . LE expression
    (24) expression -> expression . GE expression

    COMMA           shift and go to state 71
    PLUS            shift and go to state 21
    MINUS           shift and go to state 22
    TIMES           shift and go to state 23
    DIVIDE          shift and go to state 24
    LT              shift and go to state 25
    GT              shift and go to state 26
    EQ              shift and go to state 27
    NE              shift and go to state 28
    LE              shift and go to state 29
    GE              shift and go to state 30


state 63

    (12) statement -> SPD_RAMP LPAREN expression . COMMA expression RPAREN
    (15) expression -> expression . PLUS expression
    (16) expression -> expression . MINUS expression
    (17) expression -> expression . TIMES expression
    (18) expression -> expression . DIVIDE expression
    (19) expression -> expression . LT expression
    (20) expression -> expression . GT expression
    (21) expression -> expression . EQ expression
    (22) expression -> expression . NE expression
    (23) expression -> expression . LE expression
    (24) expression -> expression . GE expression

    COMMA           shift and go to state 72
    PLUS            shift and go to state 21
    MINUS           shift and go to state 22
    TIMES           shift and go to state 23
    DIVIDE          shift and go to state 24
    LT              shift and go to state 25
    GT              shift and go to state 26
    EQ              shift and go to state 27
    NE              shift and go to state 28
    LE              shift and go to state 29
    GE              shift and go to state 30


state 64

    (13) statement -> TORQ_RAMP LPAREN expression . COMMA expression RPAREN
    (15) expression -> expression . PLUS expression
    (16) expression -> expression . MINUS expression
    (17) expression -> expression . TIMES expression
    (18) expression -> expression . DIVIDE expression
    (19) expression -> expression . LT expression
    (20) expression -> expression . GT expression
    (21) expression -> expression . EQ expression
    (22) expression -> expression . NE expression
    (23) expression -> expression . LE expression
    (24) expression -> expression . GE expression

    COMMA           shift and go to state 73
    PLUS            shift and go to state 21
    MINUS           shift and go to state 22
    TIMES           shift and go to state 23
    DIVIDE          shift and go to state 24
    LT              shift and go to state 25
    GT              shift and go to state 26
    EQ              shift and go to state 27
    NE              shift and go to state 28
    LE              shift and go to state 29
    GE              shift and go to state 30


state 65

    (29) expression -> GET_REG LPAREN expression . COMMA expression RPAREN
    (15) expression -> expression . PLUS expression
    (16) expression -> expression . MINUS expression
    (17) expression -> expression . TIMES expression
    (18) expression -> expression . DIVIDE expression
    (19) expression -> expression . LT expression
    (20) expression -> expression . GT expression
    (21) expression -> expression . EQ expression
    (22) expression -> expression . NE expression
    (23) expression -> expression . LE expression
    (24) expression -> expression . GE expression

    COMMA           shift and go to state 74
    PLUS            shift and go to state 21
    MINUS           shift and go to state 22
    TIMES           shift and go to state 23
    DIVIDE          shift and go to state 24
    LT              shift and go to state 25
    GT              shift and go to state 26
    EQ              shift and go to state 27
    NE              shift and go to state 28
    LE              shift and go to state 29
    GE              shift and go to state 30


state 66

    (5) statement -> WAIT LPAREN expression RPAREN .

    NAME            reduce using rule 5 (statement -> WAIT LPAREN expression RPAREN .)
    WAIT            reduce using rule 5 (statement -> WAIT LPAREN expression RPAREN .)
    WAIT_MOTION     reduce using rule 5 (statement -> WAIT LPAREN expression RPAREN .)
    FOR             reduce using rule 5 (statement -> WAIT LPAREN expression RPAREN .)
    SET_REG_8BIT    reduce using rule 5 (statement -> WAIT LPAREN expression RPAREN .)
    SET_REG_16BIT   reduce using rule 5 (statement -> WAIT LPAREN expression RPAREN .)
    SET_REG_32BIT   reduce using rule 5 (statement -> WAIT LPAREN expression RPAREN .)
    POS_RAMP        reduce using rule 5 (statement -> WAIT LPAREN expression RPAREN .)
    SPD_RAMP        reduce using rule 5 (statement -> WAIT LPAREN expression RPAREN .)
    TORQ_RAMP       reduce using rule 5 (statement -> WAIT LPAREN expression RPAREN .)
    MINUS           reduce using rule 5 (statement -> WAIT LPAREN expression RPAREN .)
    LPAREN          reduce using rule 5 (statement -> WAIT LPAREN expression RPAREN .)
    NUMBER          reduce using rule 5 (statement -> WAIT LPAREN expression RPAREN .)
    GET_REG         reduce using rule 5 (statement -> WAIT LPAREN expression RPAREN .)
    $end            reduce using rule 5 (statement -> WAIT LPAREN expression RPAREN .)
    COMMA           reduce using rule 5 (statement -> WAIT LPAREN expression RPAREN .)
    RPAREN          reduce using rule 5 (statement -> WAIT LPAREN expression RPAREN .)
    RBRACE          reduce using rule 5 (statement -> WAIT LPAREN expression RPAREN .)


state 67

    (7) statement -> FOR LPAREN statement COMMA . expression COMMA statement RPAREN LBRACE statements RBRACE
    (15) expression -> . expression PLUS expression
    (16) expression -> . expression MINUS expression
    (17) expression -> . expression TIMES expression
    (18) expression -> . expression DIVIDE expression
    (19) expression -> . expression LT expression
    (20) expression -> . expression GT expression
    (21) expression -> . expression EQ expression
    (22) expression -> . expression NE expression
    (23) expression -> . expression LE expression
    (24) expression -> . expression GE expression
    (25) expression -> . MINUS expression
    (26) expression -> . LPAREN expression RPAREN
    (27) expression -> . NUMBER
    (28) expression -> . NAME
    (29) expression -> . GET_REG LPAREN expression COMMA expression RPAREN

    MINUS           shift and go to state 16
    LPAREN          shift and go to state 7
    NUMBER          shift and go to state 17
    NAME            shift and go to state 33
    GET_REG         shift and go to state 18

    expression                     shift and go to state 75

state 68

    (8) statement -> SET_REG_8BIT LPAREN expression COMMA . expression RPAREN
    (15) expression -> . expression PLUS expression
    (16) expression -> . expression MINUS expression
    (17) expression -> . expression TIMES expression
    (18) expression -> . expression DIVIDE expression
    (19) expression -> . expression LT expression
    (20) expression -> . expression GT expression
    (21) expression -> . expression EQ expression
    (22) expression -> . expression NE expression
    (23) expression -> . expression LE expression
    (24) expression -> . expression GE expression
    (25) expression -> . MINUS expression
    (26) expression -> . LPAREN expression RPAREN
    (27) expression -> . NUMBER
    (28) expression -> . NAME
    (29) expression -> . GET_REG LPAREN expression COMMA expression RPAREN

    MINUS           shift and go to state 16
    LPAREN          shift and go to state 7
    NUMBER          shift and go to state 17
    NAME            shift and go to state 33
    GET_REG         shift and go to state 18

    expression                     shift and go to state 76

state 69

    (9) statement -> SET_REG_16BIT LPAREN expression COMMA . expression RPAREN
    (15) expression -> . expression PLUS expression
    (16) expression -> . expression MINUS expression
    (17) expression -> . expression TIMES expression
    (18) expression -> . expression DIVIDE expression
    (19) expression -> . expression LT expression
    (20) expression -> . expression GT expression
    (21) expression -> . expression EQ expression
    (22) expression -> . expression NE expression
    (23) expression -> . expression LE expression
    (24) expression -> . expression GE expression
    (25) expression -> . MINUS expression
    (26) expression -> . LPAREN expression RPAREN
    (27) expression -> . NUMBER
    (28) expression -> . NAME
    (29) expression -> . GET_REG LPAREN expression COMMA expression RPAREN

    MINUS           shift and go to state 16
    LPAREN          shift and go to state 7
    NUMBER          shift and go to state 17
    NAME            shift and go to state 33
    GET_REG         shift and go to state 18

    expression                     shift and go to state 77

state 70

    (10) statement -> SET_REG_32BIT LPAREN expression COMMA . expression RPAREN
    (15) expression -> . expression PLUS expression
    (16) expression -> . expression MINUS expression
    (17) expression -> . expression TIMES expression
    (18) expression -> . expression DIVIDE expression
    (19) expression -> . expression LT expression
    (20) expression -> . expression GT expression
    (21) expression -> . expression EQ expression
    (22) expression -> . expression NE expression
    (23) expression -> . expression LE expression
    (24) expression -> . expression GE expression
    (25) expression -> . MINUS expression
    (26) expression -> . LPAREN expression RPAREN
    (27) expression -> . NUMBER
    (28) expression -> . NAME
    (29) expression -> . GET_REG LPAREN expression COMMA expression RPAREN

    MINUS           shift and go to state 16
    LPAREN          shift and go to state 7
    NUMBER          shift and go to state 17
    NAME            shift and go to state 33
    GET_REG         shift and go to state 18

    expression                     shift and go to state 78

state 71

    (11) statement -> POS_RAMP LPAREN expression COMMA . expression RPAREN
    (15) expression -> . expression PLUS expression
    (16) expression -> . expression MINUS expression
    (17) expression -> . expression TIMES expression
    (18) expression -> . expression DIVIDE expression
    (19) expression -> . expression LT expression
    (20) expression -> . expression GT expression
    (21) expression -> . expression EQ expression
    (22) expression -> . expression NE expression
    (23) expression -> . expression LE expression
    (24) expression -> . expression GE expression
    (25) expression -> . MINUS expression
    (26) expression -> . LPAREN expression RPAREN
    (27) expression -> . NUMBER
    (28) expression -> . NAME
    (29) expression -> . GET_REG LPAREN expression COMMA expression RPAREN

    MINUS           shift and go to state 16
    LPAREN          shift and go to state 7
    NUMBER          shift and go to state 17
    NAME            shift and go to state 33
    GET_REG         shift and go to state 18

    expression                     shift and go to state 79

state 72

    (12) statement -> SPD_RAMP LPAREN expression COMMA . expression RPAREN
    (15) expression -> . expression PLUS expression
    (16) expression -> . expression MINUS expression
    (17) expression -> . expression TIMES expression
    (18) expression -> . expression DIVIDE expression
    (19) expression -> . expression LT expression
    (20) expression -> . expression GT expression
    (21) expression -> . expression EQ expression
    (22) expression -> . expression NE expression
    (23) expression -> . expression LE expression
    (24) expression -> . expression GE expression
    (25) expression -> . MINUS expression
    (26) expression -> . LPAREN expression RPAREN
    (27) expression -> . NUMBER
    (28) expression -> . NAME
    (29) expression -> . GET_REG LPAREN expression COMMA expression RPAREN

    MINUS           shift and go to state 16
    LPAREN          shift and go to state 7
    NUMBER          shift and go to state 17
    NAME            shift and go to state 33
    GET_REG         shift and go to state 18

    expression                     shift and go to state 80

state 73

    (13) statement -> TORQ_RAMP LPAREN expression COMMA . expression RPAREN
    (15) expression -> . expression PLUS expression
    (16) expression -> . expression MINUS expression
    (17) expression -> . expression TIMES expression
    (18) expression -> . expression DIVIDE expression
    (19) expression -> . expression LT expression
    (20) expression -> . expression GT expression
    (21) expression -> . expression EQ expression
    (22) expression -> . expression NE expression
    (23) expression -> . expression LE expression
    (24) expression -> . expression GE expression
    (25) expression -> . MINUS expression
    (26) expression -> . LPAREN expression RPAREN
    (27) expression -> . NUMBER
    (28) expression -> . NAME
    (29) expression -> . GET_REG LPAREN expression COMMA expression RPAREN

    MINUS           shift and go to state 16
    LPAREN          shift and go to state 7
    NUMBER          shift and go to state 17
    NAME            shift and go to state 33
    GET_REG         shift and go to state 18

    expression                     shift and go to state 81

state 74

    (29) expression -> GET_REG LPAREN expression COMMA . expression RPAREN
    (15) expression -> . expression PLUS expression
    (16) expression -> . expression MINUS expression
    (17) expression -> . expression TIMES expression
    (18) expression -> . expression DIVIDE expression
    (19) expression -> . expression LT expression
    (20) expression -> . expression GT expression
    (21) expression -> . expression EQ expression
    (22) expression -> . expression NE expression
    (23) expression -> . expression LE expression
    (24) expression -> . expression GE expression
    (25) expression -> . MINUS expression
    (26) expression -> . LPAREN expression RPAREN
    (27) expression -> . NUMBER
    (28) expression -> . NAME
    (29) expression -> . GET_REG LPAREN expression COMMA expression RPAREN

    MINUS           shift and go to state 16
    LPAREN          shift and go to state 7
    NUMBER          shift and go to state 17
    NAME            shift and go to state 33
    GET_REG         shift and go to state 18

    expression                     shift and go to state 82

state 75

    (7) statement -> FOR LPAREN statement COMMA expression . COMMA statement RPAREN LBRACE statements RBRACE
    (15) expression -> expression . PLUS expression
    (16) expression -> expression . MINUS expression
    (17) expression -> expression . TIMES expression
    (18) expression -> expression . DIVIDE expression
    (19) expression -> expression . LT expression
    (20) expression -> expression . GT expression
    (21) expression -> expression . EQ expression
    (22) expression -> expression . NE expression
    (23) expression -> expression . LE expression
    (24) expression -> expression . GE expression

    COMMA           shift and go to state 83
    PLUS            shift and go to state 21
    MINUS           shift and go to state 22
    TIMES           shift and go to state 23
    DIVIDE          shift and go to state 24
    LT              shift and go to state 25
    GT              shift and go to state 26
    EQ              shift and go to state 27
    NE              shift and go to state 28
    LE              shift and go to state 29
    GE              shift and go to state 30


state 76

    (8) statement -> SET_REG_8BIT LPAREN expression COMMA expression . RPAREN
    (15) expression -> expression . PLUS expression
    (16) expression -> expression . MINUS expression
    (17) expression -> expression . TIMES expression
    (18) expression -> expression . DIVIDE expression
    (19) expression -> expression . LT expression
    (20) expression -> expression . GT expression
    (21) expression -> expression . EQ expression
    (22) expression -> expression . NE expression
    (23) expression -> expression . LE expression
    (24) expression -> expression . GE expression

    RPAREN          shift and go to state 84
    PLUS            shift and go to state 21
    MINUS           shift and go to state 22
    TIMES           shift and go to state 23
    DIVIDE          shift and go to state 24
    LT              shift and go to state 25
    GT              shift and go to state 26
    EQ              shift and go to state 27
    NE              shift and go to state 28
    LE              shift and go to state 29
    GE              shift and go to state 30


state 77

    (9) statement -> SET_REG_16BIT LPAREN expression COMMA expression . RPAREN
    (15) expression -> expression . PLUS expression
    (16) expression -> expression . MINUS expression
    (17) expression -> expression . TIMES expression
    (18) expression -> expression . DIVIDE expression
    (19) expression -> expression . LT expression
    (20) expression -> expression . GT expression
    (21) expression -> expression . EQ expression
    (22) expression -> expression . NE expression
    (23) expression -> expression . LE expression
    (24) expression -> expression . GE expression

    RPAREN          shift and go to state 85
    PLUS            shift and go to state 21
    MINUS           shift and go to state 22
    TIMES           shift and go to state 23
    DIVIDE          shift and go to state 24
    LT              shift and go to state 25
    GT              shift and go to state 26
    EQ              shift and go to state 27
    NE              shift and go to state 28
    LE              shift and go to state 29
    GE              shift and go to state 30


state 78

    (10) statement -> SET_REG_32BIT LPAREN expression COMMA expression . RPAREN
    (15) expression -> expression . PLUS expression
    (16) expression -> expression . MINUS expression
    (17) expression -> expression . TIMES expression
    (18) expression -> expression . DIVIDE expression
    (19) expression -> expression . LT expression
    (20) expression -> expression . GT expression
    (21) expression -> expression . EQ expression
    (22) expression -> expression . NE expression
    (23) expression -> expression . LE expression
    (24) expression -> expression . GE expression

    RPAREN          shift and go to state 86
    PLUS            shift and go to state 21
    MINUS           shift and go to state 22
    TIMES           shift and go to state 23
    DIVIDE          shift and go to state 24
    LT              shift and go to state 25
    GT              shift and go to state 26
    EQ              shift and go to state 27
    NE              shift and go to state 28
    LE              shift and go to state 29
    GE              shift and go to state 30


state 79

    (11) statement -> POS_RAMP LPAREN expression COMMA expression . RPAREN
    (15) expression -> expression . PLUS expression
    (16) expression -> expression . MINUS expression
    (17) expression -> expression . TIMES expression
    (18) expression -> expression . DIVIDE expression
    (19) expression -> expression . LT expression
    (20) expression -> expression . GT expression
    (21) expression -> expression . EQ expression
    (22) expression -> expression . NE expression
    (23) expression -> expression . LE expression
    (24) expression -> expression . GE expression

    RPAREN          shift and go to state 87
    PLUS            shift and go to state 21
    MINUS           shift and go to state 22
    TIMES           shift and go to state 23
    DIVIDE          shift and go to state 24
    LT              shift and go to state 25
    GT              shift and go to state 26
    EQ              shift and go to state 27
    NE              shift and go to state 28
    LE              shift and go to state 29
    GE              shift and go to state 30


state 80

    (12) statement -> SPD_RAMP LPAREN expression COMMA expression . RPAREN
    (15) expression -> expression . PLUS expression
    (16) expression -> expression . MINUS expression
    (17) expression -> expression . TIMES expression
    (18) expression -> expression . DIVIDE expression
    (19) expression -> expression . LT expression
    (20) expression -> expression . GT expression
    (21) expression -> expression . EQ expression
    (22) expression -> expression . NE expression
    (23) expression -> expression . LE expression
    (24) expression -> expression . GE expression

    RPAREN          shift and go to state 88
    PLUS            shift and go to state 21
    MINUS           shift and go to state 22
    TIMES           shift and go to state 23
    DIVIDE          shift and go to state 24
    LT              shift and go to state 25
    GT              shift and go to state 26
    EQ              shift and go to state 27
    NE              shift and go to state 28
    LE              shift and go to state 29
    GE              shift and go to state 30


state 81

    (13) statement -> TORQ_RAMP LPAREN expression COMMA expression . RPAREN
    (15) expression -> expression . PLUS expression
    (16) expression -> expression . MINUS expression
    (17) expression -> expression . TIMES expression
    (18) expression -> expression . DIVIDE expression
    (19) expression -> expression . LT expression
    (20) expression -> expression . GT expression
    (21) expression -> expression . EQ expression
    (22) expression -> expression . NE expression
    (23) expression -> expression . LE expression
    (24) expression -> expression . GE expression

    RPAREN          shift and go to state 89
    PLUS            shift and go to state 21
    MINUS           shift and go to state 22
    TIMES           shift and go to state 23
    DIVIDE          shift and go to state 24
    LT              shift and go to state 25
    GT              shift and go to state 26
    EQ              shift and go to state 27
    NE              shift and go to state 28
    LE              shift and go to state 29
    GE              shift and go to state 30


state 82

    (29) expression -> GET_REG LPAREN expression COMMA expression . RPAREN
    (15) expression -> expression . PLUS expression
    (16) expression -> expression . MINUS expression
    (17) expression -> expression . TIMES expression
    (18) expression -> expression . DIVIDE expression
    (19) expression -> expression . LT expression
    (20) expression -> expression . GT expression
    (21) expression -> expression . EQ expression
    (22) expression -> expression . NE expression
    (23) expression -> expression . LE expression
    (24) expression -> expression . GE expression

    RPAREN          shift and go to state 90
    PLUS            shift and go to state 21
    MINUS           shift and go to state 22
    TIMES           shift and go to state 23
    DIVIDE          shift and go to state 24
    LT              shift and go to state 25
    GT              shift and go to state 26
    EQ              shift and go to state 27
    NE              shift and go to state 28
    LE              shift and go to state 29
    GE              shift and go to state 30


state 83

    (7) statement -> FOR LPAREN statement COMMA expression COMMA . statement RPAREN LBRACE statements RBRACE
    (4) statement -> . NAME EQUALS expression
    (5) statement -> . WAIT LPAREN expression RPAREN
    (6) statement -> . WAIT_MOTION LPAREN RPAREN
    (7) statement -> . FOR LPAREN statement COMMA expression COMMA statement RPAREN LBRACE statements RBRACE
    (8) statement -> . SET_REG_8BIT LPAREN expression COMMA expression RPAREN
    (9) statement -> . SET_REG_16BIT LPAREN expression COMMA expression RPAREN
    (10) statement -> . SET_REG_32BIT LPAREN expression COMMA expression RPAREN
    (11) statement -> . POS_RAMP LPAREN expression COMMA expression RPAREN
    (12) statement -> . SPD_RAMP LPAREN expression COMMA expression RPAREN
    (13) statement -> . TORQ_RAMP LPAREN expression COMMA expression RPAREN
    (14) statement -> . expression
    (15) expression -> . expression PLUS expression
    (16) expression -> . expression MINUS expression
    (17) expression -> . expression TIMES expression
    (18) expression -> . expression DIVIDE expression
    (19) expression -> . expression LT expression
    (20) expression -> . expression GT expression
    (21) expression -> . expression EQ expression
    (22) expression -> . expression NE expression
    (23) expression -> . expression LE expression
    (24) expression -> . expression GE expression
    (25) expression -> . MINUS expression
    (26) expression -> . LPAREN expression RPAREN
    (27) expression -> . NUMBER
    (28) expression -> . NAME
    (29) expression -> . GET_REG LPAREN expression COMMA expression RPAREN

    NAME            shift and go to state 4
    WAIT            shift and go to state 6
    WAIT_MOTION     shift and go to state 8
    FOR             shift and go to state 9
    SET_REG_8BIT    shift and go to state 10
    SET_REG_16BIT   shift and go to state 11
    SET_REG_32BIT   shift and go to state 12
    POS_RAMP        shift and go to state 13
    SPD_RAMP        shift and go to state 14
    TORQ_RAMP       shift and go to state 15
    MINUS           shift and go to state 16
    LPAREN          shift and go to state 7
    NUMBER          shift and go to state 17
    GET_REG         shift and go to state 18

    statement                      shift and go to state 91
    expression                     shift and go to state 5

state 84

    (8) statement -> SET_REG_8BIT LPAREN expression COMMA expression RPAREN .

    NAME            reduce using rule 8 (statement -> SET_REG_8BIT LPAREN expression COMMA expression RPAREN .)
    WAIT            reduce using rule 8 (statement -> SET_REG_8BIT LPAREN expression COMMA expression RPAREN .)
    WAIT_MOTION     reduce using rule 8 (statement -> SET_REG_8BIT LPAREN expression COMMA expression RPAREN .)
    FOR             reduce using rule 8 (statement -> SET_REG_8BIT LPAREN expression COMMA expression RPAREN .)
    SET_REG_8BIT    reduce using rule 8 (statement -> SET_REG_8BIT LPAREN expression COMMA expression RPAREN .)
    SET_REG_16BIT   reduce using rule 8 (statement -> SET_REG_8BIT LPAREN expression COMMA expression RPAREN .)
    SET_REG_32BIT   reduce using rule 8 (statement -> SET_REG_8BIT LPAREN expression COMMA expression RPAREN .)
    POS_RAMP        reduce using rule 8 (statement -> SET_REG_8BIT LPAREN expression COMMA expression RPAREN .)
    SPD_RAMP        reduce using rule 8 (statement -> SET_REG_8BIT LPAREN expression COMMA expression RPAREN .)
    TORQ_RAMP       reduce using rule 8 (statement -> SET_REG_8BIT LPAREN expression COMMA expression RPAREN .)
    MINUS           reduce using rule 8 (statement -> SET_REG_8BIT LPAREN expression COMMA expression RPAREN .)
    LPAREN          reduce using rule 8 (statement -> SET_REG_8BIT LPAREN expression COMMA expression RPAREN .)
    NUMBER          reduce using rule 8 (statement -> SET_REG_8BIT LPAREN expression COMMA expression RPAREN .)
    GET_REG         reduce using rule 8 (statement -> SET_REG_8BIT LPAREN expression COMMA expression RPAREN .)
    $end            reduce using rule 8 (statement -> SET_REG_8BIT LPAREN expression COMMA expression RPAREN .)
    COMMA           reduce using rule 8 (statement -> SET_REG_8BIT LPAREN expression COMMA expression RPAREN .)
    RPAREN          reduce using rule 8 (statement -> SET_REG_8BIT LPAREN expression COMMA expression RPAREN .)
    RBRACE          reduce using rule 8 (statement -> SET_REG_8BIT LPAREN expression COMMA expression RPAREN .)


state 85

    (9) statement -> SET_REG_16BIT LPAREN expression COMMA expression RPAREN .

    NAME            reduce using rule 9 (statement -> SET_REG_16BIT LPAREN expression COMMA expression RPAREN .)
    WAIT            reduce using rule 9 (statement -> SET_REG_16BIT LPAREN expression COMMA expression RPAREN .)
    WAIT_MOTION     reduce using rule 9 (statement -> SET_REG_16BIT LPAREN expression COMMA expression RPAREN .)
    FOR             reduce using rule 9 (statement -> SET_REG_16BIT LPAREN expression COMMA expression RPAREN .)
    SET_REG_8BIT    reduce using rule 9 (statement -> SET_REG_16BIT LPAREN expression COMMA expression RPAREN .)
    SET_REG_16BIT   reduce using rule 9 (statement -> SET_REG_16BIT LPAREN expression COMMA expression RPAREN .)
    SET_REG_32BIT   reduce using rule 9 (statement -> SET_REG_16BIT LPAREN expression COMMA expression RPAREN .)
    POS_RAMP        reduce using rule 9 (statement -> SET_REG_16BIT LPAREN expression COMMA expression RPAREN .)
    SPD_RAMP        reduce using rule 9 (statement -> SET_REG_16BIT LPAREN expression COMMA expression RPAREN .)
    TORQ_RAMP       reduce using rule 9 (statement -> SET_REG_16BIT LPAREN expression COMMA expression RPAREN .)
    MINUS           reduce using rule 9 (statement -> SET_REG_16BIT LPAREN expression COMMA expression RPAREN .)
    LPAREN          reduce using rule 9 (statement -> SET_REG_16BIT LPAREN expression COMMA expression RPAREN .)
    NUMBER          reduce using rule 9 (statement -> SET_REG_16BIT LPAREN expression COMMA expression RPAREN .)
    GET_REG         reduce using rule 9 (statement -> SET_REG_16BIT LPAREN expression COMMA expression RPAREN .)
    $end            reduce using rule 9 (statement -> SET_REG_16BIT LPAREN expression COMMA expression RPAREN .)
    COMMA           reduce using rule 9 (statement -> SET_REG_16BIT LPAREN expression COMMA expression RPAREN .)
    RPAREN          reduce using rule 9 (statement -> SET_REG_16BIT LPAREN expression COMMA expression RPAREN .)
    RBRACE          reduce using rule 9 (statement -> SET_REG_16BIT LPAREN expression COMMA expression RPAREN .)


state 86

    (10) statement -> SET_REG_32BIT LPAREN expression COMMA expression RPAREN .

    NAME            reduce using rule 10 (statement -> SET_REG_32BIT LPAREN expression COMMA expression RPAREN .)
    WAIT            reduce using rule 10 (statement -> SET_REG_32BIT LPAREN expression COMMA expression RPAREN .)
    WAIT_MOTION     reduce using rule 10 (statement -> SET_REG_32BIT LPAREN expression COMMA expression RPAREN .)
    FOR             reduce using rule 10 (statement -> SET_REG_32BIT LPAREN expression COMMA expression RPAREN .)
    SET_REG_8BIT    reduce using rule 10 (statement -> SET_REG_32BIT LPAREN expression COMMA expression RPAREN .)
    SET_REG_16BIT   reduce using rule 10 (statement -> SET_REG_32BIT LPAREN expression COMMA expression RPAREN .)
    SET_REG_32BIT   reduce using rule 10 (statement -> SET_REG_32BIT LPAREN expression COMMA expression RPAREN .)
    POS_RAMP        reduce using rule 10 (statement -> SET_REG_32BIT LPAREN expression COMMA expression RPAREN .)
    SPD_RAMP        reduce using rule 10 (statement -> SET_REG_32BIT LPAREN expression COMMA expression RPAREN .)
    TORQ_RAMP       reduce using rule 10 (statement -> SET_REG_32BIT LPAREN expression COMMA expression RPAREN .)
    MINUS           reduce using rule 10 (statement -> SET_REG_32BIT LPAREN expression COMMA expression RPAREN .)
    LPAREN          reduce using rule 10 (statement -> SET_REG_32BIT LPAREN expression COMMA expression RPAREN .)
    NUMBER          reduce using rule 10 (statement -> SET_REG_32BIT LPAREN expression COMMA expression RPAREN .)
    GET_REG         reduce using rule 10 (statement -> SET_REG_32BIT LPAREN expression COMMA expression RPAREN .)
    $end            reduce using rule 10 (statement -> SET_REG_32BIT LPAREN expression COMMA expression RPAREN .)
    COMMA           reduce using rule 10 (statement -> SET_REG_32BIT LPAREN expression COMMA expression RPAREN .)
    RPAREN          reduce using rule 10 (statement -> SET_REG_32BIT LPAREN expression COMMA expression RPAREN .)
    RBRACE          reduce using rule 10 (statement -> SET_REG_32BIT LPAREN expression COMMA expression RPAREN .)


state 87

    (11) statement -> POS_RAMP LPAREN expression COMMA expression RPAREN .

    NAME            reduce using rule 11 (statement -> POS_RAMP LPAREN expression COMMA expression RPAREN .)
    WAIT            reduce using rule 11 (statement -> POS_RAMP LPAREN expression COMMA expression RPAREN .)
    WAIT_MOTION     reduce using rule 11 (statement -> POS_RAMP LPAREN expression COMMA expression RPAREN .)
    FOR             reduce using rule 11 (statement -> POS_RAMP LPAREN expression COMMA expression RPAREN .)
    SET_REG_8BIT    reduce using rule 11 (statement -> POS_RAMP LPAREN expression COMMA expression RPAREN .)
    SET_REG_16BIT   reduce using rule 11 (statement -> POS_RAMP LPAREN expression COMMA expression RPAREN .)
    SET_REG_32BIT   reduce using rule 11 (statement -> POS_RAMP LPAREN expression COMMA expression RPAREN .)
    POS_RAMP        reduce using rule 11 (statement -> POS_RAMP LPAREN expression COMMA expression RPAREN .)
    SPD_RAMP        reduce using rule 11 (statement -> POS_RAMP LPAREN expression COMMA expression RPAREN .)
    TORQ_RAMP       reduce using rule 11 (statement -> POS_RAMP LPAREN expression COMMA expression RPAREN .)
    MINUS           reduce using rule 11 (statement -> POS_RAMP LPAREN expression COMMA expression RPAREN .)
    LPAREN          reduce using rule 11 (statement -> POS_RAMP LPAREN expression COMMA expression RPAREN .)
    NUMBER          reduce using rule 11 (statement -> POS_RAMP LPAREN expression COMMA expression RPAREN .)
    GET_REG         reduce using rule 11 (statement -> POS_RAMP LPAREN expression COMMA expression RPAREN .)
    $end            reduce using rule 11 (statement -> POS_RAMP LPAREN expression COMMA expression RPAREN .)
    COMMA           reduce using rule 11 (statement -> POS_RAMP LPAREN expression COMMA expression RPAREN .)
    RPAREN          reduce using rule 11 (statement -> POS_RAMP LPAREN expression COMMA expression RPAREN .)
    RBRACE          reduce using rule 11 (statement -> POS_RAMP LPAREN expression COMMA expression RPAREN .)


state 88

    (12) statement -> SPD_RAMP LPAREN expression COMMA expression RPAREN .

    NAME            reduce using rule 12 (statement -> SPD_RAMP LPAREN expression COMMA expression RPAREN .)
    WAIT            reduce using rule 12 (statement -> SPD_RAMP LPAREN expression COMMA expression RPAREN .)
    WAIT_MOTION     reduce using rule 12 (statement -> SPD_RAMP LPAREN expression COMMA expression RPAREN .)
    FOR             reduce using rule 12 (statement -> SPD_RAMP LPAREN expression COMMA expression RPAREN .)
    SET_REG_8BIT    reduce using rule 12 (statement -> SPD_RAMP LPAREN expression COMMA expression RPAREN .)
    SET_REG_16BIT   reduce using rule 12 (statement -> SPD_RAMP LPAREN expression COMMA expression RPAREN .)
    SET_REG_32BIT   reduce using rule 12 (statement -> SPD_RAMP LPAREN expression COMMA expression RPAREN .)
    POS_RAMP        reduce using rule 12 (statement -> SPD_RAMP LPAREN expression COMMA expression RPAREN .)
    SPD_RAMP        reduce using rule 12 (statement -> SPD_RAMP LPAREN expression COMMA expression RPAREN .)
    TORQ_RAMP       reduce using rule 12 (statement -> SPD_RAMP LPAREN expression COMMA expression RPAREN .)
    MINUS           reduce using rule 12 (statement -> SPD_RAMP LPAREN expression COMMA expression RPAREN .)
    LPAREN          reduce using rule 12 (statement -> SPD_RAMP LPAREN expression COMMA expression RPAREN .)
    NUMBER          reduce using rule 12 (statement -> SPD_RAMP LPAREN expression COMMA expression RPAREN .)
    GET_REG         reduce using rule 12 (statement -> SPD_RAMP LPAREN expression COMMA expression RPAREN .)
    $end            reduce using rule 12 (statement -> SPD_RAMP LPAREN expression COMMA expression RPAREN .)
    COMMA           reduce using rule 12 (statement -> SPD_RAMP LPAREN expression COMMA expression RPAREN .)
    RPAREN          reduce using rule 12 (statement -> SPD_RAMP LPAREN expression COMMA expression RPAREN .)
    RBRACE          reduce using rule 12 (statement -> SPD_RAMP LPAREN expression COMMA expression RPAREN .)


state 89

    (13) statement -> TORQ_RAMP LPAREN expression COMMA expression RPAREN .

    NAME            reduce using rule 13 (statement -> TORQ_RAMP LPAREN expression COMMA expression RPAREN .)
    WAIT            reduce using rule 13 (statement -> TORQ_RAMP LPAREN expression COMMA expression RPAREN .)
    WAIT_MOTION     reduce using rule 13 (statement -> TORQ_RAMP LPAREN expression COMMA expression RPAREN .)
    FOR             reduce using rule 13 (statement -> TORQ_RAMP LPAREN expression COMMA expression RPAREN .)
    SET_REG_8BIT    reduce using rule 13 (statement -> TORQ_RAMP LPAREN expression COMMA expression RPAREN .)
    SET_REG_16BIT   reduce using rule 13 (statement -> TORQ_RAMP LPAREN expression COMMA expression RPAREN .)
    SET_REG_32BIT   reduce using rule 13 (statement -> TORQ_RAMP LPAREN expression COMMA expression RPAREN .)
    POS_RAMP        reduce using rule 13 (statement -> TORQ_RAMP LPAREN expression COMMA expression RPAREN .)
    SPD_RAMP        reduce using rule 13 (statement -> TORQ_RAMP LPAREN expression COMMA expression RPAREN .)
    TORQ_RAMP       reduce using rule 13 (statement -> TORQ_RAMP LPAREN expression COMMA expression RPAREN .)
    MINUS           reduce using rule 13 (statement -> TORQ_RAMP LPAREN expression COMMA expression RPAREN .)
    LPAREN          reduce using rule 13 (statement -> TORQ_RAMP LPAREN expression COMMA expression RPAREN .)
    NUMBER          reduce using rule 13 (statement -> TORQ_RAMP LPAREN expression COMMA expression RPAREN .)
    GET_REG         reduce using rule 13 (statement -> TORQ_RAMP LPAREN expression COMMA expression RPAREN .)
    $end            reduce using rule 13 (statement -> TORQ_RAMP LPAREN expression COMMA expression RPAREN .)
    COMMA           reduce using rule 13 (statement -> TORQ_RAMP LPAREN expression COMMA expression RPAREN .)
    RPAREN          reduce using rule 13 (statement -> TORQ_RAMP LPAREN expression COMMA expression RPAREN .)
    RBRACE          reduce using rule 13 (statement -> TORQ_RAMP LPAREN expression COMMA expression RPAREN .)


state 90

    (29) expression -> GET_REG LPAREN expression COMMA expression RPAREN .

    PLUS            reduce using rule 29 (expression -> GET_REG LPAREN expression COMMA expression RPAREN .)
    MINUS           reduce using rule 29 (expression -> GET_REG LPAREN expression COMMA expression RPAREN .)
    TIMES           reduce using rule 29 (expression -> GET_REG LPAREN expression COMMA expression RPAREN .)
    DIVIDE          reduce using rule 29 (expression -> GET_REG LPAREN expression COMMA expression RPAREN .)
    LT              reduce using rule 29 (expression -> GET_REG LPAREN expression COMMA expression RPAREN .)
    GT              reduce using rule 29 (expression -> GET_REG LPAREN expression COMMA expression RPAREN .)
    EQ              reduce using rule 29 (expression -> GET_REG LPAREN expression COMMA expression RPAREN .)
    NE              reduce using rule 29 (expression -> GET_REG LPAREN expression COMMA expression RPAREN .)
    LE              reduce using rule 29 (expression -> GET_REG LPAREN expression COMMA expression RPAREN .)
    GE              reduce using rule 29 (expression -> GET_REG LPAREN expression COMMA expression RPAREN .)
    NAME            reduce using rule 29 (expression -> GET_REG LPAREN expression COMMA expression RPAREN .)
    WAIT            reduce using rule 29 (expression -> GET_REG LPAREN expression COMMA expression RPAREN .)
    WAIT_MOTION     reduce using rule 29 (expression -> GET_REG LPAREN expression COMMA expression RPAREN .)
    FOR             reduce using rule 29 (expression -> GET_REG LPAREN expression COMMA expression RPAREN .)
    SET_REG_8BIT    reduce using rule 29 (expression -> GET_REG LPAREN expression COMMA expression RPAREN .)
    SET_REG_16BIT   reduce using rule 29 (expression -> GET_REG LPAREN expression COMMA expression RPAREN .)
    SET_REG_32BIT   reduce using rule 29 (expression -> GET_REG LPAREN expression COMMA expression RPAREN .)
    POS_RAMP        reduce using rule 29 (expression -> GET_REG LPAREN expression COMMA expression RPAREN .)
    SPD_RAMP        reduce using rule 29 (expression -> GET_REG LPAREN expression COMMA expression RPAREN .)
    TORQ_RAMP       reduce using rule 29 (expression -> GET_REG LPAREN expression COMMA expression RPAREN .)
    LPAREN          reduce using rule 29 (expression -> GET_REG LPAREN expression COMMA expression RPAREN .)
    NUMBER          reduce using rule 29 (expression -> GET_REG LPAREN expression COMMA expression RPAREN .)
    GET_REG         reduce using rule 29 (expression -> GET_REG LPAREN expression COMMA expression RPAREN .)
    $end            reduce using rule 29 (expression -> GET_REG LPAREN expression COMMA expression RPAREN .)
    RPAREN          reduce using rule 29 (expression -> GET_REG LPAREN expression COMMA expression RPAREN .)
    COMMA           reduce using rule 29 (expression -> GET_REG LPAREN expression COMMA expression RPAREN .)
    RBRACE          reduce using rule 29 (expression -> GET_REG LPAREN expression COMMA expression RPAREN .)


state 91

    (7) statement -> FOR LPAREN statement COMMA expression COMMA statement . RPAREN LBRACE statements RBRACE

    RPAREN          shift and go to state 92


state 92

    (7) statement -> FOR LPAREN statement COMMA expression COMMA statement RPAREN . LBRACE statements RBRACE

    LBRACE          shift and go to state 93


state 93

    (7) statement -> FOR LPAREN statement COMMA expression COMMA statement RPAREN LBRACE . statements RBRACE
    (2) statements -> . statements statement
    (3) statements -> . statement
    (4) statement -> . NAME EQUALS expression
    (5) statement -> . WAIT LPAREN expression RPAREN
    (6) statement -> . WAIT_MOTION LPAREN RPAREN
    (7) statement -> . FOR LPAREN statement COMMA expression COMMA statement RPAREN LBRACE statements RBRACE
    (8) statement -> . SET_REG_8BIT LPAREN expression COMMA expression RPAREN
    (9) statement -> . SET_REG_16BIT LPAREN expression COMMA expression RPAREN
    (10) statement -> . SET_REG_32BIT LPAREN expression COMMA expression RPAREN
    (11) statement -> . POS_RAMP LPAREN expression COMMA expression RPAREN
    (12) statement -> . SPD_RAMP LPAREN expression COMMA expression RPAREN
    (13) statement -> . TORQ_RAMP LPAREN expression COMMA expression RPAREN
    (14) statement -> . expression
    (15) expression -> . expression PLUS expression
    (16) expression -> . expression MINUS expression
    (17) expression -> . expression TIMES expression
    (18) expression -> . expression DIVIDE expression
    (19) expression -> . expression LT expression
    (20) expression -> . expression GT expression
    (21) expression -> . expression EQ expression
    (22) expression -> . expression NE expression
    (23) expression -> . expression LE expression
    (24) expression -> . expression GE expression
    (25) expression -> . MINUS expression
    (26) expression -> . LPAREN expression RPAREN
    (27) expression -> . NUMBER
    (28) expression -> . NAME
    (29) expression -> . GET_REG LPAREN expression COMMA expression RPAREN

    NAME            shift and go to state 4
    WAIT            shift and go to state 6
    WAIT_MOTION     shift and go to state 8
    FOR             shift and go to state 9
    SET_REG_8BIT    shift and go to state 10
    SET_REG_16BIT   shift and go to state 11
    SET_REG_32BIT   shift and go to state 12
    POS_RAMP        shift and go to state 13
    SPD_RAMP        shift and go to state 14
    TORQ_RAMP       shift and go to state 15
    MINUS           shift and go to state 16
    LPAREN          shift and go to state 7
    NUMBER          shift and go to state 17
    GET_REG         shift and go to state 18

    statement                      shift and go to state 3
    expression                     shift and go to state 5
    statements                     shift and go to state 94

state 94

    (7) statement -> FOR LPAREN statement COMMA expression COMMA statement RPAREN LBRACE statements . RBRACE
    (2) statements -> statements . statement
    (4) statement -> . NAME EQUALS expression
    (5) statement -> . WAIT LPAREN expression RPAREN
    (6) statement -> . WAIT_MOTION LPAREN RPAREN
    (7) statement -> . FOR LPAREN statement COMMA expression COMMA statement RPAREN LBRACE statements RBRACE
    (8) statement -> . SET_REG_8BIT LPAREN expression COMMA expression RPAREN
    (9) statement -> . SET_REG_16BIT LPAREN expression COMMA expression RPAREN
    (10) statement -> . SET_REG_32BIT LPAREN expression COMMA expression RPAREN
    (11) statement -> . POS_RAMP LPAREN expression COMMA expression RPAREN
    (12) statement -> . SPD_RAMP LPAREN expression COMMA expression RPAREN
    (13) statement -> . TORQ_RAMP LPAREN expression COMMA expression RPAREN
    (14) statement -> . expression
    (15) expression -> . expression PLUS expression
    (16) expression -> . expression MINUS expression
    (17) expression -> . expression TIMES expression
    (18) expression -> . expression DIVIDE expression
    (19) expression -> . expression LT expression
    (20) expression -> . expression GT expression
    (21) expression -> . expression EQ expression
    (22) expression -> . expression NE expression
    (23) expression -> . expression LE expression
    (24) expression -> . expression GE expression
    (25) expression -> . MINUS expression
    (26) expression -> . LPAREN expression RPAREN
    (27) expression -> . NUMBER
    (28) expression -> . NAME
    (29) expression -> . GET_REG LPAREN expression COMMA expression RPAREN

    RBRACE          shift and go to state 95
    NAME            shift and go to state 4
    WAIT            shift and go to state 6
    WAIT_MOTION     shift and go to state 8
    FOR             shift and go to state 9
    SET_REG_8BIT    shift and go to state 10
    SET_REG_16BIT   shift and go to state 11
    SET_REG_32BIT   shift and go to state 12
    POS_RAMP        shift and go to state 13
    SPD_RAMP        shift and go to state 14
    TORQ_RAMP       shift and go to state 15
    MINUS           shift and go to state 16
    LPAREN          shift and go to state 7
    NUMBER          shift and go to state 17
    GET_REG         shift and go to state 18

    statement                      shift and go to state 19
    expression                     shift and go to state 5

state 95

    (7) statement -> FOR LPAREN statement COMMA expression COMMA statement RPAREN LBRACE statements RBRACE .

    NAME            reduce using rule 7 (statement -> FOR LPAREN statement COMMA expression COMMA statement RPAREN LBRACE statements RBRACE .)
    WAIT            reduce using rule 7 (statement -> FOR LPAREN statement COMMA expression COMMA statement RPAREN LBRACE statements RBRACE .)
    WAIT_MOTION     reduce using rule 7 (statement -> FOR LPAREN statement COMMA expression COMMA statement RPAREN LBRACE statements RBRACE .)
    FOR             reduce using rule 7 (statement -> FOR LPAREN statement COMMA expression COMMA statement RPAREN LBRACE statements RBRACE .)
    SET_REG_8BIT    reduce using rule 7 (statement -> FOR LPAREN statement COMMA expression COMMA statement RPAREN LBRACE statements RBRACE .)
    SET_REG_16BIT   reduce using rule 7 (statement -> FOR LPAREN statement COMMA expression COMMA statement RPAREN LBRACE statements RBRACE .)
    SET_REG_32BIT   reduce using rule 7 (statement -> FOR LPAREN statement COMMA expression COMMA statement RPAREN LBRACE statements RBRACE .)
    POS_RAMP        reduce using rule 7 (statement -> FOR LPAREN statement COMMA expression COMMA statement RPAREN LBRACE statements RBRACE .)
    SPD_RAMP        reduce using rule 7 (statement -> FOR LPAREN statement COMMA expression COMMA statement RPAREN LBRACE statements RBRACE .)
    TORQ_RAMP       reduce using rule 7 (statement -> FOR LPAREN statement COMMA expression COMMA statement RPAREN LBRACE statements RBRACE .)
    MINUS           reduce using rule 7 (statement -> FOR LPAREN statement COMMA expression COMMA statement RPAREN LBRACE statements RBRACE .)
    LPAREN          reduce using rule 7 (statement -> FOR LPAREN statement COMMA expression COMMA statement RPAREN LBRACE statements RBRACE .)
    NUMBER          reduce using rule 7 (statement -> FOR LPAREN statement COMMA expression COMMA statement RPAREN LBRACE statements RBRACE .)
    GET_REG         reduce using rule 7 (statement -> FOR LPAREN statement COMMA expression COMMA statement RPAREN LBRACE statements RBRACE .)
    $end            reduce using rule 7 (statement -> FOR LPAREN statement COMMA expression COMMA statement RPAREN LBRACE statements RBRACE .)
    COMMA           reduce using rule 7 (statement -> FOR LPAREN statement COMMA expression COMMA statement RPAREN LBRACE statements RBRACE .)
    RPAREN          reduce using rule 7 (statement -> FOR LPAREN statement COMMA expression COMMA statement RPAREN LBRACE statements RBRACE .)
    RBRACE          reduce using rule 7 (statement -> FOR LPAREN statement COMMA expression COMMA statement RPAREN LBRACE statements RBRACE .)

WARNING: 
WARNING: Conflicts:
WARNING: 
WARNING: shift/reduce conflict for MINUS in state 5 resolved as shift
WARNING: shift/reduce conflict for MINUS in state 44 resolved as shift
